"customerID","Churn"
"5575-GNVDE","No"
"3668-QPYBK","Yes"
"7795-CFOCW","No"
"9237-HQITU","Yes"
"9305-CDSKC","Yes"
"1452-KIOVK","No"
"6713-OKOMC","No"
"7892-POOKP","Yes"
"6388-TABGU","No"
"9763-GRSKD","No"
"7469-LKBCI","No"
"8091-TTVAX","No"
"0280-XJGEX","Yes"
"5129-JLPIS","No"
"3655-SNQYZ","No"
"8191-XWSZG","No"
"4183-MYFRB","No"
"8779-QRDMV","Yes"
"1680-VDCWW","No"
"1066-JKSGK","Yes"
"3638-WEABW","No"
"6322-HRPFA","No"
"6865-JZNKO","No"
"6467-CHFZW","Yes"
"8665-UTDHZ","Yes"
"5248-YGIJN","No"
"3841-NFECX","No"
"4929-XIHVW","No"
"6827-IEAUQ","No"
"7310-EGVHZ","No"
"3413-BMNZE","No"
"6234-RAAPL","No"
"6572-ADKRS","No"
"5380-WJKOV","Yes"
"8168-UQWWF","Yes"
"8865-TNMNX","No"
"9489-DEDVP","No"
"9867-JCZSP","No"
"4671-VJLCL","No"
"3714-NTNFO","No"
"7760-OYPDY","Yes"
"2954-PIBKO","No"
"8012-SOUDQ","No"
"6575-SUVOI","No"
"7495-OOKFY","Yes"
"8769-KKTPH","No"
"5067-XJQFU","No"
"3957-SQXML","No"
"5954-BDFSG","No"
"1215-FIGMP","No"
"0526-SXDJP","No"
"0557-ASKVU","No"
"5122-CYFXA","No"
"8627-ZYGSZ","No"
"3410-YOQBQ","No"
"3170-NMYVV","No"
"7410-OIEDU","No"
"2273-QCKXA","No"
"0731-EBJQB","No"
"8028-PNXHQ","No"
"5630-AHZIL","No"
"2673-CXQEU","No"
"6416-JNVRK","No"
"5590-ZSKRV","No"
"0191-ZHSKZ","No"
"3887-PBQAO","No"
"8108-UXRQN","No"
"9191-MYQKX","Yes"
"9919-YLNNG","No"
"0318-ZOPWS","No"
"4445-ZJNMU","No"
"1862-QRWPE","No"
"2796-NNUFI","No"
"3016-KSVCP","No"
"4767-HZZHQ","No"
"7233-PAHHL","No"
"6067-NGCEU","No"
"9848-JQJTX","No"
"9803-FTJCG","No"
"0278-YXOOG","Yes"
"3212-KXOCR","No"
"4598-XLKNJ","Yes"
"3679-XASPY","No"
"7123-WQUHX","No"
"6180-YBIQI","No"
"6728-DKUCO","No"
"9750-BOOHV","No"
"8597-CWYHH","No"
"2848-YXSMW","No"
"0486-HECZI","Yes"
"4549-ZDQYY","No"
"5712-AHQNN","No"
"4846-WHAFZ","Yes"
"5256-SKJGO","No"
"3071-VBYPO","No"
"9560-BBZXK","No"
"8402-OOOHJ","No"
"9445-ZUEQE","No"
"2928-HLDBA","No"
"6497-TILVL","No"
"7219-TLZHO","No"
"4622-YNKIJ","No"
"6734-PSBAW","No"
"3930-ZGWVE","No"
"6207-WIOLX","Yes"
"3091-FYHKI","Yes"
"7799-LGRDP","No"
"7850-VWJUU","No"
"3774-VBNXY","No"
"0390-DCFDQ","Yes"
"4080-OGPJL","Yes"
"1095-WGNGG","No"
"2636-SJDOU","No"
"1131-QQZEB","No"
"6837-BJYDQ","No"
"3780-YVMFA","No"
"3874-EQOEP","Yes"
"6551-GNYDG","No"
"6371-NZYEG","No"
"7554-NEWDD","No"
"0867-MKZVY","Yes"
"4482-EWFMI","No"
"4648-YPBTM","No"
"6345-FZOQH","No"
"3376-BMGFE","Yes"
"3445-HXXGF","Yes"
"1159-WFSGR","No"
"7654-YWJUF","No"
"1875-QIVME","Yes"
"5918-VUKWP","No"
"1744-JHKYS","No"
"2656-FMOKZ","Yes"
"2070-FNEXE","Yes"
"6317-YPKDH","Yes"
"6582-OIVSP","No"
"9367-WXLCH","Yes"
"1024-GUALD","Yes"
"0956-SYCWG","No"
"8017-UVSZU","No"
"9680-NIAUV","No"
"2146-EGVDT","No"
"2604-IJPDU","No"
"9178-JHUVJ","No"
"6168-YBYNP","No"
"7255-SSFBC","No"
"3645-DEYGF","No"
"9323-HGFWY","No"
"8544-GOQSH","No"
"3363-DTIVD","No"
"9142-KZXOP","No"
"7674-YTAFD","No"
"1285-OKIPP","Yes"
"7825-ECJRF","Yes"
"1347-KTTTA","No"
"7841-TZDMQ","Yes"
"4195-NZGTA","No"
"7157-SMCFK","No"
"4709-LKHYG","No"
"2504-DSHIH","No"
"0699-NDKJM","No"
"9286-BHDQG","No"
"2040-LDIWQ","No"
"6469-MRVET","No"
"0742-MOABM","Yes"
"6778-JFCMK","No"
"6341-JVQGF","No"
"2232-DMLXU","Yes"
"4811-JBUVU","No"
"2651-ZCBXV","No"
"3316-UWXUY","No"
"8937-RDTHP","Yes"
"7083-MIOPC","No"
"9227-UAQFT","No"
"7301-ABVAD","No"
"7576-ASEJU","No"
"9058-HRZSV","No"
"4522-AKYLR","No"
"0303-UNCIP","No"
"0959-WHOKV","No"
"4629-NRXKX","Yes"
"3282-ZISZV","No"
"3675-YDUPJ","No"
"4111-BNXIF","No"
"6655-LHBYW","No"
"4959-JOSRX","Yes"
"3606-TWKGI","Yes"
"7529-ZDFXI","No"
"7605-BDWDC","No"
"1950-KSVVJ","No"
"0123-CRBRT","No"
"6292-TOSSS","No"
"3197-ARFOY","No"
"6323-AYBRX","Yes"
"4385-GZQXV","Yes"
"7633-MVPUY","No"
"4716-HHKQH","No"
"6432-TWQLB","Yes"
"3179-GBRWV","No"
"8229-MYEJZ","No"
"2080-SRCDE","No"
"9577-WJVCQ","No"
"6202-DYYFX","No"
"3808-HFKDE","No"
"5583-SXDAG","Yes"
"3580-REOAC","Yes"
"7534-BFESC","Yes"
"3727-OWVYD","No"
"4847-TAJYI","No"
"1563-IWQEX","No"
"8203-XJZRC","No"
"6556-DBKZF","No"
"6851-WEFYX","No"
"6390-DSAZX","Yes"
"0895-LMRSF","No"
"8098-LLAZX","Yes"
"8266-VBFQL","No"
"8181-YHCMF","No"
"2240-HSJQD","No"
"0265-EDXBD","Yes"
"4115-BNPJY","No"
"3167-SNQPL","No"
"7277-OZCGZ","No"
"1557-EMYVT","No"
"7563-BIUPC","Yes"
"3973-SKMLN","No"
"2321-OMBXY","Yes"
"2840-XANRC","Yes"
"6745-JEFZB","No"
"9880-TDQAC","No"
"8705-WZCYL","No"
"7102-JJVTX","No"
"8626-PTQGE","No"
"4983-CLMLV","No"
"5701-YVSVF","No"
"5804-LEPIM","Yes"
"5697-GOMBF","No"
"9385-EHGDO","No"
"9498-FIMXL","No"
"2379-GYFLQ","No"
"0122-OAHPZ","Yes"
"2868-SNELZ","Yes"
"4322-RCYMT","Yes"
"6680-NENYN","Yes"
"7982-VCELR","No"
"1343-EHPYB","Yes"
"6035-BXTTY","No"
"6885-PKOAM","No"
"7520-HQWJU","No"
"5924-SNGKP","No"
"2034-GDRCN","Yes"
"8966-SNIZF","No"
"6243-OZGFH","No"
"4654-DLAMQ","No"
"0513-RBGPE","No"
"4115-NZRKS","No"
"0623-IIHUG","Yes"
"4572-DVCGN","Yes"
"8984-EYLLL","No"
"5229-DTFYB","No"
"0104-PPXDV","No"
"3583-KRKMD","No"
"1010-DIAUQ","Yes"
"9069-LGEUL","No"
"9571-EDEBV","No"
"3520-FJGCV","No"
"6563-VRERX","No"
"6122-EFVKN","No"
"6862-CQUMB","No"
"7156-MXBJE","No"
"6158-HDPXZ","No"
"9601-BRXPO","Yes"
"2863-IMQDR","No"
"5686-CMAWK","No"
"5651-CRHKQ","No"
"5167-ZFFMM","Yes"
"6583-SZVGP","No"
"0533-BNWKF","Yes"
"1708-PBBOA","No"
"8782-LKFPK","No"
"5522-JBWMO","No"
"3597-MVHJT","No"
"9774-NRNAU","No"
"9967-ATRFS","No"
"3951-NJCVI","No"
"2519-ERQOJ","No"
"5876-QMYLD","No"
"2277-AXSDC","No"
"9442-JTWDL","No"
"0979-PHULV","Yes"
"5495-GPSRW","No"
"7606-BPHHN","No"
"4742-DRORA","No"
"0111-KLBQG","No"
"4800-VHZKI","Yes"
"7989-CHGTL","Yes"
"0334-GDDSO","Yes"
"4163-NCJAK","No"
"5233-AOZUF","No"
"5973-EJGDP","No"
"7916-VCCPB","No"
"4686-GEFRM","No"
"5249-QYHEX","No"
"5564-NEMQO","Yes"
"2233-FAGXV","No"
"7663-ZTEGJ","No"
"3935-TBRZZ","No"
"8111-BKVDS","No"
"2806-MLNTI","No"
"8734-DKSTZ","No"
"4360-PNRQB","No"
"7781-HVGMK","No"
"2181-UAESM","No"
"2957-LOLHO","Yes"
"6048-NJXHX","No"
"2320-SLKMB","No"
"5886-VLQVU","No"
"3577-AMVUX","No"
"0771-WLCLA","No"
"5628-RKIFK","No"
"0206-TBWLC","No"
"2937-FTHUR","No"
"7752-XUSCI","Yes"
"5168-MSWXT","No"
"1090-ESELR","No"
"5760-WRAHC","No"
"8847-GEOOQ","No"
"0256-LTHVJ","Yes"
"5149-CUZUJ","No"
"0942-KOWSM","No"
"4237-CLSMM","No"
"1452-VOQCH","No"
"6614-VBEGU","No"
"0880-TKATG","Yes"
"3811-VBYBZ","Yes"
"1480-BKXGA","No"
"9076-AXYIK","No"
"5968-XQIVE","No"
"8896-RAZCR","No"
"4640-UHDOS","Yes"
"4933-IKULF","No"
"3583-EKAPL","Yes"
"4104-PVRPS","No"
"9399-APLBT","Yes"
"2359-KMGLI","Yes"
"3780-DDGSE","No"
"6227-HWPWX","Yes"
"0447-BEMNG","Yes"
"5168-MQQCA","No"
"5949-XIKAE","Yes"
"9094-AZPHK","No"
"3649-JPUGY","No"
"3552-CTCYF","No"
"6778-YSNIH","No"
"0388-EOPEX","Yes"
"5756-OZRIO","No"
"6579-JPICP","No"
"8205-OTCHB","Yes"
"7783-YKGDV","Yes"
"4374-YMUSQ","No"
"3957-HHLMR","No"
"7803-XOCCZ","No"
"5736-YEJAX","No"
"7218-HKQFK","Yes"
"1135-LMECX","No"
"4332-MUOEZ","No"
"8535-SFUTN","No"
"5956-VKDTT","Yes"
"8677-HDZEE","No"
"2475-MROZF","No"
"7531-GQHME","No"
"5174-ITUMV","No"
"4109-CYRBD","No"
"0913-XWSCN","No"
"6825-UYPFK","Yes"
"8397-MVTAZ","Yes"
"0750-EBAIU","No"
"8606-CIQUL","No"
"7601-GNDYK","No"
"0356-OBMAC","No"
"8067-NIOYM","No"
"1403-GYAFU","No"
"9282-IZGQK","Yes"
"0621-HJWXJ","No"
"5844-QVTAT","No"
"8905-IAZPF","No"
"5394-MEITZ","No"
"2866-IKBTM","No"
"2817-NTQDO","Yes"
"7129-AZJDE","No"
"6986-IJDHX","Yes"
"4676-MQUEA","No"
"8138-EALND","No"
"3580-HYCSP","No"
"1352-HNSAW","No"
"2075-PUEPR","No"
"1982-FEBTD","No"
"5301-GAUUY","Yes"
"2654-VBVPB","No"
"1154-HYWWO","No"
"2501-XWWTZ","No"
"6815-ABQFQ","No"
"7343-EOBEU","No"
"6103-LIANB","No"
"7319-VENRZ","No"
"0939-YAPAF","Yes"
"4710-FDUIZ","Yes"
"6030-REHUX","No"
"9548-LIGTA","No"
"6522-YRBXD","No"
"2640-LYMOV","No"
"1218-VKFPE","Yes"
"3627-FHKBK","Yes"
"1423-BMPBQ","No"
"2393-DIVAI","No"
"5192-EBGOV","Yes"
"4568-KNYWR","No"
"0742-LAFQK","No"
"0795-LAFGP","No"
"0619-OLYUR","No"
"5512-IDZEI","No"
"0215-BQKGS","No"
"9244-ZVAPM","No"
"8208-EUMTE","No"
"1710-RCXUS","No"
"5839-SUYVZ","No"
"2731-GJRDG","No"
"4723-BEGSG","No"
"6516-NKQBO","No"
"8672-OAUPW","No"
"3419-SNJJD","Yes"
"6543-CPZMK","Yes"
"4765-OXPPD","Yes"
"2804-ETQDK","No"
"7138-GIRSH","No"
"9396-ZSFLL","No"
"6464-KEXXH","No"
"7134-MJPDY","No"
"5240-CAOYT","No"
"4059-IIEBK","No"
"4881-JVQOD","No"
"0516-UXRMT","No"
"4851-BQDNX","No"
"5148-HKFIR","No"
"5016-IBERQ","No"
"6797-UCJHZ","No"
"2469-DTSGX","No"
"4554-YGZIH","Yes"
"1775-KWJKQ","No"
"7665-VIGUD","No"
"9411-TPQQV","No"
"7207-RMRDB","Yes"
"7954-MLBUN","No"
"4913-EHYUI","Yes"
"0195-IESCP","Yes"
"9574-BOSMD","No"
"4580-TMHJU","Yes"
"0887-HJGAR","Yes"
"5644-PDMZC","Yes"
"3509-GWQGF","No"
"9576-ANLXO","Yes"
"2024-BASKD","Yes"
"5845-BZZIB","No"
"1140-UKVZG","No"
"5183-SNMJQ","No"
"8100-PNJMH","No"
"7838-LAZFO","No"
"4464-JCOLN","Yes"
"2085-JVGAD","No"
"5650-VDUDS","Yes"
"8095-WANWK","No"
"9565-FLVCG","No"
"8755-OGKNA","No"
"7538-GWHML","Yes"
"5642-MHDQT","No"
"3276-HDUEG","Yes"
"3729-OWRVL","No"
"2324-AALNO","No"
"5760-IFJOZ","No"
"1448-PWKYE","Yes"
"7251-LJBQN","No"
"8040-MNRTF","No"
"1536-HBSWP","No"
"0067-DKWBL","Yes"
"0946-FKYTX","No"
"5076-YVXCM","No"
"8262-COGGB","No"
"9620-QJREV","No"
"2276-YDAVZ","Yes"
"2682-KEVRP","No"
"2480-JZOSN","No"
"0078-XZMHT","No"
"9978-HYCIN","No"
"8338-QIUNR","No"
"1525-LNLOJ","No"
"9450-TRJUU","No"
"1766-GKNMI","No"
"6942-LBFDP","No"
"1456-TWCGB","No"
"7133-VBDCG","Yes"
"7596-ZYWBB","No"
"3347-YJZZE","No"
"1029-QFBEN","Yes"
"7929-DMBCV","No"
"9661-JALZV","No"
"4312-KFRXN","No"
"5575-TPIZQ","No"
"0114-IGABW","No"
"9944-AEXBM","No"
"4697-LUPSU","No"
"8434-VGEQQ","No"
"4952-YSOGZ","Yes"
"1589-AGTLK","Yes"
"6549-YMFAW","No"
"2684-EIWEO","Yes"
"6439-GTPCA","Yes"
"7595-EHCDL","No"
"6647-ZEDXT","No"
"7503-MIOGA","No"
"4381-MHQDC","No"
"6923-JHPMP","No"
"2499-AJYUA","No"
"6919-ELBGL","No"
"3966-HRMZA","No"
"6425-JWTDV","No"
"8405-IGQFX","No"
"8224-IVVPA","No"
"9477-LGWQI","No"
"1410-RSCMR","No"
"0139-IVFJG","No"
"5730-DBDSI","No"
"0030-FNXPP","No"
"4013-GUXND","No"
"7379-POKDZ","Yes"
"7969-FFOWG","No"
"4718-DHSMV","No"
"5175-WLYXL","No"
"7817-OMJNA","No"
"8728-SKJLR","No"
"3137-NYQQI","No"
"3900-AQPHZ","Yes"
"5842-POCOP","Yes"
"2037-XJFUP","Yes"
"8823-RLPWL","No"
"9505-SQFSW","No"
"3758-CKOQL","No"
"0322-CHQRU","Yes"
"5676-CFLYY","No"
"7521-AFHAB","No"
"4678-DVQEO","Yes"
"0691-IFBQW","Yes"
"4992-LTJNE","No"
"2202-OUTMO","No"
"0229-LFJAF","No"
"5726-CVNYA","No"
"9871-ELEYA","No"
"4257-GAESD","No"
"2040-OBMLJ","No"
"6286-ZHAOK","No"
"1450-GALXR","Yes"
"8859-AXJZP","No"
"1820-TQVEV","Yes"
"2239-JALAW","Yes"
"4853-RULSV","Yes"
"3551-GAEGL","No"
"4785-NKHCX","No"
"0036-IHMOT","No"
"0115-TFERT","Yes"
"4178-EGMON","No"
"5318-YKDPV","No"
"7975-TZMLR","No"
"0295-QVKPB","No"
"4335-BSMJS","No"
"2311-QYMUQ","Yes"
"3643-AHCFP","Yes"
"9146-JRIOX","No"
"3104-OWCGK","Yes"
"9101-BWFSS","Yes"
"9650-VBUOG","No"
"3487-EARAT","No"
"2672-TGEFF","No"
"4250-WAROZ","No"
"4625-LAMOB","No"
"0727-BMPLR","Yes"
"1038-ZAGBI","Yes"
"6549-NNDYT","No"
"3027-ZTDHO","Yes"
"6916-HIJSE","No"
"2316-ESMLS","No"
"9778-OGKQZ","No"
"7408-OFWXJ","No"
"6007-TCTST","No"
"8713-IGZSO","No"
"7905-TVXTA","No"
"7695-PKLCZ","No"
"8374-UULRV","No"
"3224-DFQNQ","No"
"5275-PMFUT","No"
"4795-UXVCJ","No"
"9777-IQHWP","No"
"0947-MUGVO","Yes"
"9944-HKVVB","Yes"
"3671-SHRSP","Yes"
"2732-ISEZX","No"
"3313-QKNKB","Yes"
"0323-XWWTN","No"
"1937-OTUKY","No"
"1764-VUUMT","No"
"5073-WXOYN","Yes"
"4713-ZBURT","No"
"3050-GBUSH","No"
"0207-MDKNV","Yes"
"7876-AEHIG","No"
"7945-HLKEA","No"
"9851-KIELU","Yes"
"3523-BRGUW","No"
"3908-BLSYF","Yes"
"5170-PTRKA","No"
"4661-NJEUX","No"
"2123-AGEEN","No"
"0048-LUMLS","No"
"7549-MYGPK","Yes"
"5898-IGSLP","No"
"3804-RVTGV","Yes"
"6259-WJQLC","No"
"9227-LUNBG","Yes"
"7997-EASSD","No"
"8975-SKGRX","No"
"0678-RLHVP","No"
"4315-MURBD","Yes"
"2267-FPIMA","No"
"9734-YWGEX","Yes"
"2719-BDAQO","Yes"
"5285-MVEHD","No"
"0379-DJQHR","No"
"0781-LKXBR","Yes"
"5543-QDCRY","No"
"0297-RBCSG","No"
"4694-PHWFW","No"
"0835-JKADZ","No"
"1907-UBQFC","Yes"
"7508-SMHXL","No"
"3865-YIOTT","No"
"6024-RUGGH","No"
"6513-EECDB","Yes"
"3956-CJUST","No"
"4079-WWQQQ","No"
"5149-TGWDZ","No"
"7471-WNSUF","No"
"4301-VVZKA","No"
"9199-PWQVC","No"
"5393-HJZSM","No"
"7074-IEVOJ","Yes"
"9625-QSTYE","Yes"
"5146-CBVOE","No"
"0454-OKRCT","No"
"2692-AQCPF","No"
"0347-UBKUZ","No"
"0835-DUUIQ","No"
"0811-GSDTP","No"
"7567-ECMCM","No"
"6115-ZTBFQ","No"
"6353-BRMMA","No"
"6680-WKXRZ","Yes"
"6231-WFGFH","No"
"9904-EHEVJ","No"
"7028-DVOIQ","Yes"
"6169-PPETC","No"
"4208-UFFGW","Yes"
"0851-DFJKB","No"
"5382-SOYZL","No"
"9448-REEVD","Yes"
"3261-CQXOL","No"
"8388-FYNPZ","No"
"4002-BQWPQ","No"
"2826-DXLQO","No"
"4849-PYRLQ","No"
"9117-SHLZX","Yes"
"4541-RMRLG","Yes"
"3429-IFLEM","No"
"3158-MOERK","Yes"
"7294-TMAOP","Yes"
"5002-GCQFH","No"
"0556-FJEGU","No"
"8919-FYFQZ","Yes"
"2834-JRTUA","Yes"
"5875-YPQFJ","Yes"
"5879-SESNB","No"
"6461-PPAXN","No"
"3318-ISQFQ","No"
"1106-HRLKZ","No"
"2604-XVDAM","No"
"3717-OFRTN","No"
"3280-NMUVX","No"
"1206-EHBDD","No"
"8361-LBRDI","No"
"3842-IYKUE","Yes"
"6641-XRPSU","Yes"
"1374-DMZUI","Yes"
"2545-LXYVJ","No"
"3234-VKACU","No"
"8357-EQXFO","Yes"
"8120-JDCAM","No"
"7047-YXDMZ","No"
"9524-EGPJC","Yes"
"8818-XYFCQ","Yes"
"6614-YOLAC","No"
"7426-RHZGU","No"
"4065-JJAVA","No"
"4695-VADHF","Yes"
"9361-YNQWJ","No"
"3748-FVMZZ","No"
"3422-WJOYD","No"
"8242-SOQUO","No"
"7147-AYBAA","No"
"7868-TMWMZ","No"
"6732-FZUGP","No"
"8436-BJUMM","Yes"
"4184-TJFAN","Yes"
"8329-GWVPJ","No"
"1352-VHKAJ","No"
"4145-UQXUQ","Yes"
"2632-TACXW","No"
"8146-QQKZH","No"
"1767-CJKBA","No"
"6445-TNRXS","No"
"4581-LNWUM","No"
"4869-EPIUS","No"
"9948-YPTDG","Yes"
"1236-WFCDV","Yes"
"1915-OAKWD","No"
"4883-QICIH","Yes"
"3354-OADJP","No"
"3524-WQDSG","No"
"4026-SKKHW","No"
"2829-HYVZP","No"
"8329-IBCTI","Yes"
"1271-SJBGZ","Yes"
"3845-JHAMY","No"
"5669-SRAIP","Yes"
"5981-ITEMU","Yes"
"6941-PMGEP","Yes"
"1624-WOIWJ","Yes"
"2074-GKOWZ","Yes"
"0376-YMCJC","Yes"
"6100-FJZDG","No"
"1730-VFMWO","No"
"7030-NJVDP","No"
"6166-ILMNY","Yes"
"7771-ZONAT","No"
"0655-RBDUG","Yes"
"2111-DWYHN","No"
"4194-WHFCB","No"
"4121-AGSIN","No"
"4361-BKAXE","Yes"
"9845-PEEKO","No"
"9878-TNQGW","Yes"
"9170-ARBTB","No"
"4441-NIHPT","Yes"
"8999-BOHSE","Yes"
"7029-RPUAV","Yes"
"5832-TRLPB","No"
"8590-YFFQO","No"
"8659-IOOPU","No"
"1338-CECEE","No"
"4646-QZXTF","No"
"4607-CHPCA","Yes"
"9742-XOKTS","No"
"6921-OZMFH","No"
"8717-VCTXJ","No"
"4159-NAAIX","No"
"9397-TZSHA","No"
"3391-JSQEW","No"
"0343-QLUZP","No"
"9763-PDTKK","Yes"
"2176-LVPNX","No"
"3312-UUMZW","No"
"1271-UODNO","No"
"8461-EFQYM","No"
"6900-RBKER","No"
"6891-JPYFF","No"
"1047-NNCBF","No"
"3696-XRIEN","No"
"4081-DYXAV","Yes"
"8791-GFXLZ","No"
"8111-SLLHI","Yes"
"9330-DHBFL","No"
"3452-ABWRL","No"
"5859-HZYLF","No"
"8257-RZAHR","Yes"
"1779-PWPMG","No"
"0831-JNISG","No"
"3082-WQRVY","No"
"9553-DLCLU","No"
"1641-BYBTK","No"
"2460-NGXBJ","No"
"0841-NULXI","Yes"
"3522-CDKHF","No"
"0411-EZJZE","No"
"7851-WZEKY","Yes"
"8844-TONUD","Yes"
"8992-CEUEN","No"
"4320-QMLLA","No"
"8777-PVYGU","No"
"8292-ITGYJ","No"
"6870-ZWMNX","No"
"0621-CXBKL","No"
"5268-DSMNQ","No"
"4086-YQSNZ","Yes"
"9359-UGBTK","No"
"0135-NMXAP","Yes"
"4782-OSFXZ","No"
"6479-OAUSD","No"
"7129-ACFOG","No"
"4189-NAKJS","No"
"5562-BETPV","No"
"1282-IHQAC","No"
"9127-FHJBZ","No"
"6270-OMFIW","Yes"
"1641-RQDAY","No"
"0107-WESLM","Yes"
"1346-UFHAX","No"
"3992-YWPKO","Yes"
"5461-QKNTN","No"
"8399-YNDCH","Yes"
"4660-IRIBM","No"
"5673-FSSMF","Yes"
"7670-ZBPOQ","No"
"8089-UZWLX","No"
"0080-OROZO","No"
"8221-HVAYI","No"
"5232-NXPAY","No"
"8967-SZQAS","No"
"4468-KAZHE","No"
"0455-ENTCR","No"
"8944-AILEF","No"
"5370-IIVVL","No"
"6789-HJBWG","No"
"3927-NLNRY","Yes"
"9087-EYCPR","No"
"6791-YBNAK","No"
"5494-HECPR","Yes"
"8268-YDIXR","No"
"9824-BEMCV","Yes"
"1373-ORVIZ","Yes"
"4291-SHSBH","No"
"6980-IMXXE","No"
"9866-QEVEE","Yes"
"0040-HALCW","No"
"0784-GTUUK","No"
"7979-CORPM","Yes"
"2294-DMMUS","No"
"0872-JCPIB","No"
"3055-MJDSB","No"
"9091-WTUUY","No"
"1618-CFHME","Yes"
"3165-HDOEW","Yes"
"8496-DMZUK","No"
"9068-VPWQQ","No"
"0178-SZBHO","No"
"0384-RVBPI","No"
"1689-MRZQR","Yes"
"1299-AURJA","No"
"1543-LLLFT","No"
"2788-CJQAQ","No"
"5565-FILXA","Yes"
"2120-SMPEX","No"
"0096-FCPUF","No"
"0668-OGMHD","No"
"5552-ZNFSJ","Yes"
"2223-KAGMX","Yes"
"6507-ZJSUR","No"
"9408-HRXRK","No"
"7321-PKUYW","Yes"
"2833-SLKDQ","Yes"
"7595-EUIVN","Yes"
"7617-EYGLW","No"
"2026-TGDHM","Yes"
"9220-ZNKJI","No"
"4030-VPZBD","Yes"
"5529-GIBVH","No"
"9992-UJOEL","No"
"4741-WWJQZ","No"
"6818-WOBHJ","Yes"
"6244-BESBM","No"
"1004-NOZNR","No"
"1251-STYSZ","No"
"4598-ZADCK","No"
"9681-KYGYB","No"
"7182-OVLBJ","No"
"5095-ETBRJ","No"
"7005-CYUIL","No"
"4821-WQOYN","No"
"4730-AWNAU","No"
"2388-LAESQ","No"
"6260-ONULR","No"
"8711-LOBKY","No"
"8985-OOPOS","No"
"8800-ZKRFW","No"
"2616-FLVQC","No"
"3108-PCCGG","No"
"7993-PYKOF","Yes"
"8390-FESFV","No"
"5027-XWQHA","Yes"
"6729-GDNGC","No"
"6198-ZFIOJ","No"
"5989-OMNJE","No"
"4566-QVRRW","Yes"
"1291-CUOCY","No"
"9795-SHUHB","No"
"3230-IUALN","No"
"8519-IMDHU","Yes"
"4945-RVMTE","No"
"0201-OAMXR","Yes"
"1866-NXPSP","No"
"3372-KWFBM","Yes"
"7831-QGOXH","Yes"
"3941-XTSKM","No"
"1661-CZBAU","No"
"6599-RCLCJ","Yes"
"9831-BPFRI","Yes"
"9788-YTFGE","No"
"9277-JOOMO","No"
"1907-YLNYW","No"
"1725-MIMXW","Yes"
"8947-YRTDV","No"
"3161-ONRWK","No"
"0114-RSRRW","No"
"7206-GZCDC","Yes"
"6682-VCIXC","No"
"3910-MRQOY","No"
"0661-WCQNQ","No"
"7537-RBWEA","No"
"4656-CAURT","No"
"1768-ZAIFU","Yes"
"3733-LSYCE","No"
"1934-SJVJK","Yes"
"3838-OZURD","Yes"
"9269-CQOOL","Yes"
"2017-CCBLH","No"
"7690-KPNCU","No"
"2293-IJWPS","No"
"2845-HSJCY","Yes"
"5469-NUJUR","No"
"1184-PJVDB","Yes"
"2625-TRCZQ","No"
"7266-GSSJX","No"
"5624-RYAMH","No"
"0196-JTUQI","No"
"7130-YXBRO","No"
"7943-RQCHR","Yes"
"3793-MMFUH","Yes"
"3249-ZPQRG","Yes"
"2568-BRGYX","Yes"
"1084-MNSMJ","No"
"7721-JXEAW","Yes"
"6250-CGGUN","No"
"5478-JJVZK","No"
"9793-WECQC","No"
"4291-HPAXL","No"
"8999-YPYBV","No"
"1839-FBNFR","No"
"3164-AALRN","Yes"
"1697-BCSHV","No"
"0562-KBDVM","No"
"1131-SUEKT","No"
"3717-OEAUQ","No"
"3334-CTHOL","Yes"
"9432-RUVSL","No"
"8060-HIWJJ","No"
"7684-XSZIY","No"
"9089-UOWJG","No"
"8621-MNIHH","Yes"
"8039-ACLPL","No"
"9885-AIBVB","No"
"1934-MKPXS","No"
"2272-JKMSI","No"
"0471-LVHGK","Yes"
"9518-RWHZL","Yes"
"8714-CTZJW","No"
"3569-EDBPQ","No"
"7521-YXVZY","No"
"5419-CONWX","Yes"
"6240-EURKS","Yes"
"2373-NTKOD","No"
"1970-KKFWL","No"
"6960-HVYXR","Yes"
"9337-SRRNI","No"
"0895-UADGO","No"
"5678-VFNEQ","No"
"7024-OHCCK","Yes"
"2692-BUCFV","No"
"7861-UVUFT","Yes"
"5302-BDJNT","No"
"5223-UZAVK","No"
"4859-ZSRDZ","No"
"3498-LZGQZ","No"
"8785-CJSHH","No"
"5357-TZHPP","Yes"
"0680-DFNNY","Yes"
"7560-QRBXH","No"
"7077-XJMET","No"
"8752-GHJFU","No"
"6896-SRVYQ","No"
"7767-UXAGJ","Yes"
"6510-UPNKS","No"
"6718-BDGHG","No"
"6439-LAJXL","No"
"1571-SAVHK","Yes"
"9052-VKDUW","No"
"1666-JZPZT","No"
"5777-KJIRB","No"
"7677-SJJJK","No"
"7055-HNEOJ","No"
"3211-AAPKX","No"
"8445-DNBAE","No"
"2958-NHPPS","No"
"5899-OUVKV","No"
"1621-YNCJH","No"
"3473-XIIIT","Yes"
"6362-QHAFM","No"
"7893-IXHRQ","Yes"
"3070-BDOQC","No"
"2952-QAYZF","Yes"
"4763-PGDPO","Yes"
"4283-IVYCI","No"
"1866-OBPNR","No"
"8205-MQUGY","No"
"8970-ANWXO","No"
"9480-BQJEI","No"
"9283-LZQOH","Yes"
"7079-QRCBC","Yes"
"6048-UWKAL","No"
"9851-QXEEQ","Yes"
"6281-FKEWS","No"
"8898-KASCD","No"
"9290-SHCMB","No"
"0743-HNPFG","No"
"9809-IMGCQ","Yes"
"8016-ZMGMO","No"
"8605-ITULD","No"
"3254-YRILK","Yes"
"2667-WYLWJ","Yes"
"3195-TQDZX","No"
"1728-CXQBE","No"
"5014-GSOUQ","No"
"5724-BIDBU","No"
"1769-GRUIK","No"
"7427-AUFPY","No"
"2811-POVEX","No"
"1092-GANHU","Yes"
"7898-PDWQE","No"
"9972-EWRJS","No"
"5799-JRCZO","No"
"2924-KHUVI","No"
"1925-GMVBW","No"
"7881-EVUAD","Yes"
"9207-ZPANB","No"
"5766-XQXMQ","Yes"
"1656-DRSMG","No"
"3012-VFFMN","No"
"0640-YJTPY","No"
"8096-LOIST","No"
"9764-REAFF","No"
"4881-GQJTW","No"
"7905-NJMXS","No"
"2091-GPPIQ","No"
"6326-MTTXK","Yes"
"5071-FBJFS","No"
"2429-AYKKO","No"
"9798-OPFEM","No"
"3794-NFNCH","No"
"7114-AEOZE","No"
"2886-KEFUM","Yes"
"5522-NYKPB","No"
"9957-YODKZ","No"
"6518-KZXCB","No"
"2245-ADZFJ","No"
"7776-QGYJC","No"
"9313-QOLTZ","No"
"9651-GTSAQ","Yes"
"3186-BAXNB","Yes"
"4672-FOTSD","No"
"9818-XQCUV","No"
"7338-ERIVA","No"
"1157-BQCUW","Yes"
"8259-NFJTV","No"
"4751-ERMAN","No"
"1436-ZMJAN","No"
"3292-PBZEJ","No"
"0799-DDIHE","No"
"3070-FNFZQ","No"
"2812-SFXMJ","No"
"5014-WUQMG","No"
"5312-TSZVC","No"
"0993-OSGPT","No"
"1205-WNWPJ","Yes"
"7108-DGVUU","No"
"2782-JEEBU","No"
"5127-BZENZ","No"
"2720-FVBQP","No"
"9906-NHHVC","No"
"4522-XRWWI","No"
"3766-EJLFL","No"
"5939-SXWHM","No"
"7643-RCHXS","No"
"8387-MOJJT","Yes"
"0620-XEFWH","No"
"6485-QXWWE","No"
"7321-VGNKU","No"
"7552-KEYGT","No"
"5816-JMLGY","No"
"3068-OMWZA","Yes"
"2927-QRRQV","No"
"7459-RRWQZ","Yes"
"6265-SXWBU","No"
"7941-RCJOW","No"
"6374-NTQLP","No"
"4154-AQUGT","Yes"
"3584-WKTTW","No"
"3813-DHBBB","No"
"6518-PPLMZ","No"
"8017-LXHFA","Yes"
"6022-KOUQO","No"
"6352-TWCAU","Yes"
"2361-UPSND","No"
"2929-QNSRW","Yes"
"1262-OPMFY","Yes"
"6267-DCFFZ","No"
"2439-LYPMQ","No"
"4248-QPAVC","Yes"
"9995-HOTOH","No"
"1371-OJCEK","No"
"4690-LLKUA","Yes"
"2351-RRBUE","No"
"9469-WEJBT","No"
"3331-HQDTW","Yes"
"9490-DFPMD","Yes"
"2581-VKIRT","No"
"5442-XSDCW","Yes"
"7426-WEIJX","No"
"2851-MMUTZ","No"
"3049-NDXFL","Yes"
"3307-TLCUD","No"
"7963-GQRMY","Yes"
"4163-KIUHY","No"
"1228-FZFRV","Yes"
"3500-NSDOA","No"
"1171-TYKUR","No"
"3761-FLYZI","No"
"2058-DCJBE","Yes"
"5364-XYIRR","Yes"
"8388-DMKAE","No"
"4403-BWPAY","No"
"5405-ZMYXQ","No"
"1442-OKRJE","No"
"4737-AQCPU","No"
"9158-VCTQB","Yes"
"3283-WCWXT","No"
"5451-MHQOF","No"
"9225-BZLNZ","No"
"0354-VXMJC","No"
"9365-SRSZE","No"
"4735-BJKOU","No"
"0274-JKUJR","No"
"5740-YHGTW","No"
"1696-MZVAU","No"
"7359-WWYJV","No"
"0375-HVGXO","Yes"
"4906-ZHGPK","No"
"8593-WHYHV","Yes"
"1298-PHBTI","No"
"6223-DHJGV","No"
"6097-EQISJ","Yes"
"4423-YLHDV","Yes"
"8158-WPEZG","No"
"0107-YHINA","Yes"
"4918-FYJNT","No"
"0727-BNRLG","No"
"4854-CIDCF","No"
"8640-SDGKB","Yes"
"3280-MRDOF","No"
"6435-SRWBJ","No"
"9964-WBQDJ","No"
"6303-KFWSL","No"
"0386-CWRGM","No"
"2081-VEYEH","No"
"6407-UTSLV","No"
"4116-TZAQJ","Yes"
"9060-HJJRW","No"
"2587-YNLES","No"
"7398-SKNQZ","No"
"1958-RNRKS","No"
"9705-IOVQQ","No"
"1015-OWJKI","No"
"7511-YMXVQ","Yes"
"7551-JOHTI","Yes"
"8646-JCOMS","No"
"1222-KJNZD","No"
"0106-GHRQR","No"
"5318-IXUZF","Yes"
"8952-WCVCD","No"
"3963-RYFNS","No"
"4137-JOPHL","No"
"2057-BOYKM","No"
"1803-BGNBD","No"
"0134-XWXCE","No"
"6950-TWMYB","No"
"5848-FHRFC","No"
"2511-MORQY","No"
"6519-CFDBX","No"
"3902-MIVLE","No"
"0409-WTMPL","No"
"8763-KIAFH","No"
"3669-WHAFY","No"
"7156-MHUGY","Yes"
"7198-GLXTC","Yes"
"2007-QVGAW","No"
"5207-PLSTK","No"
"2307-FYNNL","No"
"2155-AMQRX","No"
"6181-AXXYF","No"
"5091-HFAZW","No"
"0516-VRYBW","Yes"
"2519-LBNQL","No"
"8380-PEFPE","Yes"
"5687-DKDTV","Yes"
"1568-LJSZU","No"
"7530-HDYDS","Yes"
"7789-HKSBS","No"
"7416-CKTEP","No"
"2586-CWXVV","No"
"2348-KCJLT","No"
"5922-ABDVO","Yes"
"2474-LCNUE","No"
"6650-VJONK","No"
"2178-PMGCJ","No"
"7492-TAFJD","No"
"2773-MADBQ","No"
"7860-KSUGX","No"
"8966-KZXXA","No"
"6910-HADCM","Yes"
"4816-LXZYW","Yes"
"9606-PBKBQ","Yes"
"5149-QYTTU","No"
"2070-XYMFH","No"
"2085-BOJKI","No"
"0817-HSUSE","No"
"5442-PPTJY","No"
"1927-QEWMY","No"
"1663-MHLHE","No"
"5663-QBGIS","No"
"4450-MDZFX","No"
"6701-DHKWQ","No"
"7554-AKDQF","No"
"3536-IQCTX","Yes"
"4911-BANWH","Yes"
"8496-EJAUI","Yes"
"0794-YVSGE","No"
"5423-BHIXO","No"
"6908-VVYHM","No"
"2959-EEXWB","No"
"7321-KKSDU","No"
"3402-XRIUO","No"
"3132-TVFDZ","Yes"
"8286-AFUYI","No"
"8080-DDEMJ","Yes"
"8356-WUAOJ","No"
"6365-MTGZX","Yes"
"1349-WXNGG","Yes"
"8058-DMYRU","No"
"6990-YNRIO","Yes"
"8958-JPTRR","No"
"6959-GQEGV","No"
"3173-WSSUE","No"
"1265-HVPZB","No"
"4115-UMJFQ","No"
"1098-KFQEC","No"
"7190-XHTWJ","No"
"0621-TWIEM","Yes"
"3537-RYBHH","No"
"2485-ITVKB","Yes"
"3669-OYSJI","Yes"
"1612-EOHDH","Yes"
"6702-OHFWR","Yes"
"5296-BFCYD","No"
"4510-PYUSH","Yes"
"7517-SAWMO","Yes"
"7054-LGEQW","Yes"
"0523-VNGTF","No"
"7064-FRRSW","No"
"7940-UQQUG","No"
"0923-PNFUB","Yes"
"3961-SXAXY","No"
"3566-HJGPK","No"
"3062-ICYZQ","No"
"0973-KYVNF","No"
"5129-HHMZC","No"
"9637-CDTKZ","No"
"7873-CVMAW","No"
"0463-WZZKO","No"
"3494-JCHRQ","Yes"
"6474-FVJLC","Yes"
"5832-EXGTT","No"
"8840-DQLGN","Yes"
"7217-JYHOQ","No"
"6695-FRVEC","No"
"4547-LYTDD","Yes"
"8069-YQQAJ","No"
"6770-XUAGN","Yes"
"4193-ORFCL","Yes"
"1636-NTNCO","No"
"3466-WAESX","No"
"3638-VBZTA","No"
"7776-QWNFX","Yes"
"6689-TCZHQ","Yes"
"0754-EEBDC","No"
"1951-IEYXM","No"
"3318-NMQXL","No"
"3143-ILDAL","Yes"
"2361-FJWNO","No"
"2272-UOINI","No"
"8232-UTFOZ","No"
"6637-KYRCV","No"
"5668-MEISB","No"
"0129-QMPDR","No"
"7188-CBBBA","No"
"5356-CSVSQ","No"
"3221-CJMSG","No"
"4720-VSTSI","Yes"
"3219-JQRSL","No"
"3946-MHCZW","Yes"
"8201-AAXCB","No"
"7696-CFTAT","No"
"1845-CSBRZ","No"
"2123-VSCOT","No"
"4566-GOLUK","Yes"
"2484-DGXPZ","Yes"
"2018-QKYGT","No"
"4587-NUKOX","Yes"
"7297-DVYGA","No"
"2239-CGBUZ","No"
"0854-UYHZD","No"
"7243-LCGGZ","No"
"8267-KFGYD","No"
"9261-WDCAF","No"
"3764-MNMOI","No"
"7442-YGZFK","No"
"0420-BWTPW","Yes"
"8183-ONMXC","Yes"
"8466-PZBLH","No"
"9614-RMGHA","Yes"
"8735-IJJEG","No"
"5054-IEXZT","Yes"
"5834-ASPWA","Yes"
"0701-RFGFI","No"
"0019-EFAEP","No"
"5619-PTMIK","No"
"3737-XBQDD","No"
"4445-KWOKW","No"
"7967-HYCDE","No"
"3723-BFBGR","No"
"5110-CHOPY","No"
"5445-UTODQ","Yes"
"9675-ICXCT","No"
"1024-VRZHF","Yes"
"4703-MQYKT","No"
"9497-QCMMS","Yes"
"5692-ICXLW","No"
"2208-MPXIO","No"
"1960-UYCNN","No"
"0348-SDKOL","Yes"
"7710-JSYOA","No"
"5419-KLXBN","Yes"
"9885-MFVSU","No"
"4514-GFCFI","Yes"
"0607-MVMGC","No"
"3365-SAIGS","No"
"9828-AOQLM","Yes"
"8022-BECSI","No"
"9993-LHIEB","No"
"7615-ESMYF","Yes"
"3858-VOBET","Yes"
"3977-QCRSL","No"
"0017-DINOC","No"
"1447-PJGGA","Yes"
"9139-WQQDY","Yes"
"0224-HJAPT","Yes"
"8086-OVPWV","Yes"
"9430-FRQOC","Yes"
"7639-OPLNG","No"
"3074-GQWYX","Yes"
"6845-RGTYS","Yes"
"7328-OWMOM","No"
"5155-AZQPB","No"
"8861-HGGKB","Yes"
"7065-YUNRY","Yes"
"7694-VLBWQ","Yes"
"2546-KZAAT","No"
"0181-RITDD","No"
"4795-KTRTH","Yes"
"1488-PBLJN","No"
"0308-GIQJT","No"
"3778-FOAQW","No"
"4452-ROHMO","No"
"6481-OGDOO","Yes"
"3090-LETTY","No"
"8305-VHZBZ","Yes"
"9720-JJJOR","No"
"8100-HZZLJ","No"
"8775-ERLNB","No"
"8309-IEYJD","No"
"3546-GHEAE","No"
"7361-YPXFS","No"
"6557-BZXLQ","No"
"2550-QHZGP","No"
"2538-OIMXF","No"
"8543-MSDMF","No"
"9961-JBNMK","Yes"
"1170-SASML","No"
"4872-JCVCA","No"
"5346-BZCHP","No"
"2038-LLMLM","No"
"9734-UYXQI","Yes"
"1216-BGTSP","No"
"2189-UXTKY","Yes"
"0744-BIKKF","No"
"5248-KWLAR","No"
"4958-GZWIY","Yes"
"7996-MHXLW","No"
"7833-PKIHD","No"
"7061-OVMIM","No"
"5153-RTHKF","No"
"1852-QSWCD","No"
"4832-VRBMR","No"
"8624-GIOUT","Yes"
"3392-EHMNK","No"
"5986-WWXDV","No"
"3061-BCKYI","No"
"6179-GJPSO","Yes"
"7901-TBKJX","No"
"7228-PAQPD","No"
"7746-QYVCO","No"
"5804-HYIEZ","No"
"9919-FZDED","No"
"5934-TSSAU","No"
"3486-KHMLI","No"
"1084-UQCHV","Yes"
"8290-YWKHZ","Yes"
"2955-BJZHG","Yes"
"3806-DXQOM","Yes"
"6784-XYJAE","No"
"6661-EIPZC","No"
"2251-PYLPB","No"
"5555-RNPGT","No"
"1057-FOGLZ","No"
"9300-RENDD","Yes"
"0761-AETCS","Yes"
"8087-LGYHQ","No"
"2190-BCXEC","No"
"6227-FBDXH","No"
"2153-MREFK","Yes"
"2911-WDXMV","No"
"7206-PQBBZ","No"
"0925-VYDLG","Yes"
"4547-FZJWE","No"
"7422-WNBTY","No"
"0842-IWYCP","No"
"3373-DIUUN","No"
"8984-HPEMB","No"
"4139-DETXS","No"
"9779-DPNEJ","No"
"9805-FILKB","No"
"5793-YOLJN","No"
"0673-IGUQO","No"
"4123-FCVCB","No"
"8819-IMISP","No"
"8311-UEUAB","No"
"5858-EAFCZ","No"
"1163-ONYEY","No"
"9787-XVQIU","Yes"
"6082-OQFBA","No"
"8051-HJRLT","Yes"
"8974-OVACP","No"
"1379-FRVEB","No"
"8612-GXIDD","No"
"6288-CHQJB","No"
"8160-HOWOX","No"
"3023-GFLBR","Yes"
"4223-BKEOR","No"
"4079-VTGLK","No"
"1763-WQFUK","No"
"8894-JVDCV","No"
"1345-GKDZZ","No"
"5628-FCGYG","No"
"7978-DKUQH","No"
"4335-UPJSI","No"
"0524-IAVZO","Yes"
"1784-EZDKJ","No"
"9297-FVVDH","No"
"8007-YYPWD","No"
"5159-YFPKQ","Yes"
"5453-YBTWV","No"
"5039-LZRQT","No"
"2931-VUVJN","No"
"9061-TIHDA","Yes"
"8699-ASUFO","Yes"
"6418-PIQSP","No"
"8220-OCUFY","No"
"3995-WFCSM","No"
"7927-AUXBZ","Yes"
"2626-VEEWG","No"
"2878-RMWXY","No"
"1657-DYMBM","No"
"7375-WMVMT","No"
"1136-XGEQU","No"
"2530-FMFXO","No"
"6844-DZKRF","No"
"4695-WJZUE","Yes"
"7619-ODSGN","Yes"
"5970-GHJAW","No"
"3689-MOZGR","No"
"4195-PNGZS","No"
"5003-XZWWO","No"
"7622-FWGEW","No"
"8548-AWOFC","No"
"9798-DRYDS","No"
"8532-UEFWH","No"
"6296-DDOOR","No"
"7951-VRDVK","No"
"4815-YOSUK","No"
"2659-VXMWZ","Yes"
"7216-EWTRS","Yes"
"4365-MSDYN","No"
"7036-TYDEC","No"
"8076-FEZKJ","No"
"8337-MSSXB","Yes"
"4312-GVYNH","No"
"8495-LJDFO","No"
"5494-WOZRZ","No"
"1302-UHBDD","No"
"8378-LKJAF","No"
"8182-BJDSI","Yes"
"1153-GNOLC","No"
"0788-DXBFY","No"
"3597-YASZG","No"
"3496-LFSZU","No"
"5242-UOWHD","No"
"6479-SZPLM","No"
"8097-VBQTZ","No"
"4500-HKANN","No"
"9917-KWRBE","No"
"2212-LYASK","No"
"1393-IMKZG","No"
"8069-RHUXK","No"
"3398-GCPMU","No"
"2908-WGAXL","No"
"3378-AJRAO","No"
"7181-BQYBV","Yes"
"9554-DFKIC","No"
"5527-ACHSO","No"
"1399-UBQIU","No"
"1813-JLKWR","No"
"0336-PIKEI","No"
"7322-OCWHC","No"
"9537-VHDTA","No"
"4957-TIALW","No"
"9150-HEPMB","No"
"9030-QGZNL","No"
"6204-IEUXJ","Yes"
"3126-WQMGH","No"
"4529-CKBCL","Yes"
"2506-CLAKW","Yes"
"7176-WRTNX","No"
"1583-IHQZE","Yes"
"5732-IKGQH","No"
"9239-GZHZE","No"
"4140-MUHUG","Yes"
"0093-EXYQL","No"
"8064-RAVOH","No"
"0320-JDNQG","Yes"
"7180-PISOG","Yes"
"9168-INPSZ","No"
"0015-UOCOJ","No"
"5334-AFQJB","No"
"2754-SDJRD","No"
"9578-VRMNM","Yes"
"1587-FKLZB","Yes"
"6140-QNRQQ","Yes"
"8963-JLGJT","No"
"4307-KTUMW","Yes"
"1465-LNTLJ","No"
"5440-FLBQG","Yes"
"4056-QHXHZ","No"
"7488-MXJIV","Yes"
"9339-FIIJL","No"
"2027-FECZV","Yes"
"6177-PEVRA","No"
"7579-KKLOE","No"
"7245-NIIWQ","No"
"0002-ORFBO","No"
"3324-OIRTO","No"
"5414-OFQCB","No"
"4967-WPNCF","No"
"8552-OBVRU","No"
"8499-BRXTD","No"
"9154-QDGTH","No"
"8197-BFWVU","No"
"2577-GVSIL","No"
"9367-OIUXP","No"
"1187-WILMM","No"
"9776-OJUZI","No"
"1306-RPWXZ","No"
"8949-JTMAY","Yes"
"2774-LVQUS","Yes"
"3097-PYWXL","No"
"0869-PAPRP","No"
"4238-JSSWH","No"
"2972-YDYUW","No"
"1104-FEJAM","No"
"2809-ILCYT","No"
"5499-ECUTN","No"
"9121-PHQSR","No"
"3113-IWHLC","No"
"3211-ILJTT","Yes"
"4612-THJBS","Yes"
"4094-NSEDU","Yes"
"4304-TSPVK","No"
"2637-FKFSY","No"
"0020-INWCK","No"
"7089-RKVSZ","No"
"2683-JXWQQ","No"
"9548-ZMVTX","No"
"8739-XNIKG","No"
"9755-JHNMN","No"
"9424-CMPOG","No"
"3450-WXOAT","No"
"6974-DAFLI","No"
"5103-MHMHY","Yes"
"7989-AWGEH","No"
"4373-VVHQL","No"
"1846-XWOQN","Yes"
"6650-BWFRT","No"
"9570-KYEUA","No"
"6993-YGFJV","No"
"2712-SYWAY","No"
"0730-BGQGF","No"
"5498-IBWPI","No"
"9101-NTIXF","No"
"0013-SMEOE","No"
"9308-ANMVE","No"
"2884-GBPFB","Yes"
"3757-NJYBX","Yes"
"3413-DHLPB","No"
"3787-TRIAL","No"
"1247-QBVSH","No"
"9822-OAOVB","No"
"6161-ERDGD","No"
"7318-EIVKO","No"
"3771-PZOBW","No"
"6486-LHTMA","No"
"4083-BFNYK","No"
"3722-WPXTK","Yes"
"7176-WIONM","No"
"1089-HDMKP","No"
"0310-SUCIN","No"
"5197-PYEPU","No"
"2929-ERCFZ","Yes"
"7548-SEPYI","Yes"
"8835-VSDSE","Yes"
"6619-RPLQZ","No"
"3503-TYDAY","No"
"6901-GOGZG","No"
"9898-KZQDZ","Yes"
"8982-NHAVY","No"
"4307-KWMXE","No"
"0141-YEAYS","No"
"2450-ZKEED","No"
"3694-DELSO","No"
"9603-OAIHC","No"
"1133-KXCGE","No"
"0142-GVYSN","No"
"7854-FOKSF","Yes"
"2519-FAKOD","Yes"
"8406-LNMHF","No"
"1821-BUCWY","No"
"8314-DPQHL","No"
"7089-IVVAZ","Yes"
"2171-UDMFD","No"
"9802-CAQUT","No"
"1254-IZEYF","Yes"
"0187-WZNAB","No"
"1357-MVDOZ","No"
"7602-MVRMB","No"
"3325-FUYCG","Yes"
"5908-QMGOE","Yes"
"1197-BVMVG","No"
"5406-KGRMX","No"
"8481-YYXWG","Yes"
"5968-HYJRZ","No"
"5198-EFNBM","No"
"7516-GMHUV","No"
"7706-YLMQA","No"
"2585-KTFRE","No"
"7994-UYIVZ","No"
"2609-IAICY","Yes"
"1740-CSDJP","Yes"
"7717-BICXI","No"
"6559-RAKOZ","No"
"4716-MRVEN","No"
"2143-LJULT","No"
"1323-OOEPC","Yes"
"6164-HXUGH","No"
"0320-DWVTU","No"
"7878-JGDKK","No"
"0397-GZBBC","Yes"
"7641-EUYET","Yes"
"6476-EPYZR","No"
"9921-ZVRHG","Yes"
"1174-FGIFN","No"
"6620-HVDUJ","No"
"4701-MLJPN","Yes"
"7641-TQFHN","No"
"9206-GVPEQ","Yes"
"8622-ZLFKO","No"
"1596-BBVTG","Yes"
"6188-UXBBR","No"
"2333-KWEWW","No"
"5702-SKUOB","No"
"1134-YWTYF","No"
"0679-TDGAK","No"
"6585-WCEWR","No"
"9067-YGSCA","No"
"8433-WXGNA","Yes"
"1776-SPBWV","No"
"8735-SDUFN","No"
"9668-PUGNU","No"
"9405-GPBBG","No"
"1926-QUZNN","No"
"3707-GNWHM","Yes"
"7016-NVRIC","No"
"9565-AXSMR","No"
"8922-LIEGH","Yes"
"8869-LIHMK","No"
"8245-UMPYT","Yes"
"5186-SAMNZ","Yes"
"5788-YPOEG","No"
"0661-KBKPA","No"
"9081-WWXKP","No"
"3133-PZNSR","No"
"5766-ZJYBB","Yes"
"8931-GJJIQ","Yes"
"4277-PVRAN","Yes"
"0722-SVSFK","No"
"3612-YVGSJ","No"
"9825-YCXWZ","No"
"5397-NSKQG","No"
"8565-HBFNN","No"
"2000-DHJUY","No"
"0203-HHYIJ","Yes"
"8670-ERCJH","No"
"7758-UJWYS","No"
"7055-JCGNI","No"
"0952-KMEEH","Yes"
"0654-PQKDW","No"
"7175-NTIXE","No"
"7963-SHNDT","No"
"9796-BPKIW","No"
"0188-GWFLE","No"
"8129-GMVGI","No"
"3547-LQRIK","No"
"5843-TTHGI","No"
"8868-GAGIO","No"
"4061-UKJWL","No"
"8263-QMNTJ","No"
"8178-EYZUO","Yes"
"5130-IEKQT","Yes"
"7996-BPXHY","No"
"3227-WLKLI","No"
"0407-BDJKB","Yes"
"9600-UDOPK","Yes"
"9153-BTBVV","No"
"1074-AMIOH","No"
"0354-WYROK","Yes"
"4361-FEBGN","No"
"7748-UMTRK","No"
"6463-MVYRY","No"
"9624-EGDEQ","No"
"5849-ASHZJ","No"
"7576-OYWBN","Yes"
"4526-ZJJTM","No"
"8384-FZBJK","No"
"3096-YXENJ","No"
"1265-BCFEO","No"
"5945-AZYHT","No"
"8325-QRPZR","No"
"6384-VMJHP","No"
"7730-CLDSV","No"
"1135-HIORI","No"
"6481-ESCNL","No"
"1790-NESIO","No"
"1550-EENBN","No"
"5539-TMZLF","Yes"
"4323-SADQS","Yes"
"5202-IVJNU","Yes"
"8198-RKSZG","No"
"9297-EONCV","No"
"4588-YBNIB","Yes"
"1069-QJOEE","No"
"3336-JORSO","Yes"
"7799-DSEWS","No"
"5315-CKEQK","No"
"3130-ICDUP","No"
"0820-FNRNX","No"
"4611-ANLQC","No"
"4213-HKBJO","No"
"2792-LSHWX","No"
"5028-GZLDO","Yes"
"0014-BMAQU","No"
"6861-XWTWQ","Yes"
"9018-PCIOK","No"
"4837-QUSFT","No"
"6877-TJMBR","Yes"
"9953-ZMKSM","No"
"7665-NKLAV","No"
"6769-DCQLI","Yes"
"4391-LNRXK","No"
"8250-ZNGGW","No"
"2195-ZRVAX","Yes"
"3550-SAHFP","Yes"
"5893-PYOLZ","No"
"4986-MXSFP","No"
"6131-FOYAS","No"
"3027-YNWZU","No"
"5609-IMCGG","No"
"4873-ILOLJ","Yes"
"2725-KXXWT","Yes"
"9565-DJPIB","Yes"
"4328-VUFWD","No"
"3166-PNEOF","No"
"5639-NTUPK","No"
"8780-YRMTT","No"
"5140-FOMCQ","No"
"6242-SGYTS","No"
"8414-OOEEL","No"
"8454-AATJP","No"
"2150-OEGBV","No"
"8429-XIBUM","Yes"
"1855-CFULU","No"
"4878-BUNFV","No"
"1872-EBWSC","No"
"2608-BHKFN","Yes"
"7341-LXCAF","Yes"
"6997-UVGOX","No"
"9462-MJUAW","Yes"
"8128-YVJRG","Yes"
"5781-BKHOP","No"
"4283-FUTGF","Yes"
"5213-TWWJU","No"
"8628-MFKAX","No"
"7629-WIXZF","No"
"5445-GLVOT","No"
"2466-NEJOJ","No"
"0254-KCJGT","No"
"5472-CVMDX","No"
"6461-SZMCV","No"
"8150-QUDFX","No"
"9508-ILZDG","No"
"2346-DJQTB","No"
"1697-LYYYX","No"
"4231-LZUYM","No"
"7598-UAASY","Yes"
"8510-AWCXC","Yes"
"6128-AQBMT","No"
"3594-BDSOA","No"
"5133-VRSAB","No"
"0484-JPBRU","No"
"0244-LGNFY","No"
"4295-YURET","No"
"3426-NIYYL","Yes"
"8225-BTJAU","Yes"
"4635-EJYPD","No"
"1866-ZSLJM","No"
"4636-TVXVG","No"
"4236-UJPWO","No"
"9392-XBGTD","No"
"6402-SSEJG","No"
"1110-KYLGQ","No"
"9929-PLVPA","No"
"3518-PZXZQ","No"
"2371-JUNGC","No"
"0924-BJCRC","No"
"5074-FBGHB","No"
"2351-BKRZW","No"
"2323-ARSVR","No"
"0815-MFZGM","No"
"4826-XTSOH","Yes"
"8295-FHIVV","No"
"2495-INZWQ","Yes"
"9086-YJYXS","No"
"1179-INLAT","No"
"7909-FIOIY","No"
"4139-SUGLD","Yes"
"6351-SCJKT","No"
"5468-BPMMO","No"
"5624-BQSSA","Yes"
"0197-PNKNK","No"
"2439-QKJUL","No"
"1194-SPVSP","No"
"2408-WITXK","Yes"
"8929-KSWIH","No"
"2250-IVBWA","No"
"1810-MVMAI","No"
"9506-UXUSK","No"
"1229-RCALF","No"
"3572-UOLYZ","No"
"1429-UYJSV","No"
"5577-OTWWW","Yes"
"6100-QQHEB","Yes"
"6366-XIVKZ","No"
"3470-OBUET","No"
"2770-NSVDG","No"
"2634-HCZGT","Yes"
"7503-QQRVF","Yes"
"4860-YZGZM","No"
"6599-GZWCM","No"
"2691-NZETQ","Yes"
"5533-NHFRF","No"
"4760-THGOT","No"
"7295-JOMMD","Yes"
"6584-VQMYT","No"
"9838-BFCQT","No"
"2790-XUYMV","No"
"0581-MDMPW","No"
"5013-SBUIH","Yes"
"1023-BQXZE","No"
"9163-GHAYE","No"
"3904-UKFRE","No"
"0709-TVGUR","Yes"
"0058-EVZWM","No"
"6023-YEBUP","Yes"
"7209-JCUDS","Yes"
"7009-PCARS","No"
"0519-DRGTI","No"
"1017-FBQMM","No"
"3001-CBHLQ","Yes"
"1985-MBRYP","No"
"6158-DWPZT","Yes"
"9372-TXXPS","No"
"3259-QMXUN","No"
"6645-MXQJT","No"
"4360-QRAVE","No"
"8433-WPJTV","No"
"3763-GCZHZ","Yes"
"6484-LATFU","No"
"0772-GYEQQ","Yes"
"0536-ACXIP","No"
"4831-EOBFE","Yes"
"1575-KRZZE","No"
"4102-OQUPX","Yes"
"7610-TVOPG","No"
"3638-DIMPH","No"
"8559-WNQZS","No"
"1699-UOTXU","No"
"2454-RPBRZ","Yes"
"0635-WKOLD","No"
"4518-FZBSX","No"
"5387-ASZNZ","No"
"7299-GNVPL","No"
"9371-BITHB","No"
"2265-CYWIV","Yes"
"9093-FPDLG","No"
"6985-HAYWX","No"
"7508-KBIMB","No"
"2277-DJJDL","No"
"1897-OKVMW","No"
"0233-FTHAV","No"
"4644-PIZRT","No"
"8922-NPKBJ","No"
"7771-CFQRQ","No"
"9512-PHSMG","No"
"6963-EZQEE","No"
"2004-OCQXK","Yes"
"4146-SVFUD","No"
"3617-XLSGQ","No"
"7517-LDMPS","No"
"7244-KXYZN","No"
"2672-HUYVI","Yes"
"1400-WIVLL","No"
"7508-MYBOG","Yes"
"8148-NLEGT","No"
"0148-DCDOS","Yes"
"8347-GDTMP","No"
"9992-RRAMN","Yes"
"6746-WAUWT","No"
"0310-MVLET","Yes"
"4550-VBOFE","Yes"
"2187-PKZAY","No"
"6652-YFFJO","No"
"7225-IILWY","No"
"7923-IYJWY","No"
"3170-GWYKC","No"
"5696-QURRL","Yes"
"7409-KIUTL","Yes"
"9830-ECLEN","No"
"0495-RVCBF","Yes"
"2668-TZSPS","No"
"7854-EDSSA","Yes"
"8869-TORSS","Yes"
"7446-SFAOA","No"
"8234-GSZYK","No"
"6505-OZNPG","No"
"6164-HAQTX","No"
"0679-IDSTG","Yes"
"1658-TJVOA","No"
"4692-NNQRU","No"
"7742-MYPGI","No"
"0611-DFXKO","Yes"
"7780-OTDSO","Yes"
"9619-GSATL","No"
"5622-UEJFI","No"
"9747-DDZOS","Yes"
"0674-DGMAQ","No"
"6203-HBZPA","No"
"0484-FFVBJ","No"
"0301-FIDRB","No"
"4139-JPIAM","No"
"2181-TIDSV","No"
"2761-XECQW","No"
"1936-CZAKF","No"
"9453-PATOS","No"
"0564-JJHGS","Yes"
"4402-FTBXC","No"
"2931-XIQBR","No"
"1930-QPBVZ","No"
"2606-PKWJB","No"
"5322-ZSMZY","No"
"8059-UDZFY","No"
"7740-BTPUX","No"
"5220-AGAAX","No"
"0208-BPQEJ","No"
"3352-ALMCK","No"
"5312-IRCFR","No"
"8802-UNOJF","Yes"
"6313-GIDIT","Yes"
"6176-YJWAS","No"
"4526-EXKKN","No"
"3987-KQDDU","No"
"3404-JNXAX","No"
"5131-PONJI","No"
"2845-AFFTX","Yes"
"3489-VSFRD","No"
"3345-JHUEO","No"
"5815-HGGHV","No"
"5260-UMPWX","No"
"2249-YPRNG","Yes"
"7410-YTJIK","Yes"
"4626-GYCZP","Yes"
"2576-HXMPA","No"
"7587-AOVVU","No"
"3237-AJGEH","Yes"
"4707-YNOQA","No"
"9357-UJRUN","No"
"7663-CUXZB","No"
"1163-VIPRI","No"
"2815-CPTUL","Yes"
"9348-ROUAI","No"
"9443-JUBUO","No"
"0596-BQCEQ","Yes"
"1481-ZUWZA","Yes"
"4830-FAXFM","No"
"5906-BFOZT","No"
"2960-NKRSO","No"
"8996-ZROXE","No"
"5598-IKHQQ","No"
"0397-ZXWQF","No"
"5266-PFRQK","No"
"4674-HGNUA","No"
"6765-MBQNU","No"
"3769-MHZNV","No"
"6295-OSINB","No"
"3308-MHOOC","No"
"4177-JPDFU","No"
"2239-CFOUJ","No"
"8046-DNVTL","No"
"2209-XADXF","No"
"6620-JDYNW","No"
"1891-FZYSA","Yes"
"1038-RQOST","No"
"7613-LLQFO","Yes"
"4568-TTZRT","No"
"9513-DXHDA","No"
"3801-HMYNL","Yes"
"9685-WKZGT","Yes"
"6022-UGGSO","Yes"
"3865-QBWSJ","No"
"2160-GPFXD","No"
"2065-MMKGR","No"
"5857-TYBCJ","No"
"1498-NHTLT","No"
"4484-CGXFK","Yes"
"4176-RELJR","No"
"6214-EDAKZ","Yes"
"1796-JANOW","No"
"0238-WHBIQ","No"
"8735-NBLWT","No"
"6651-RLGGM","No"
"6127-ISGTU","Yes"
"1614-JBEBI","No"
"8740-XLHDR","Yes"
"3923-CSIHK","Yes"
"5696-EXCYS","No"
"5795-KTGUD","No"
"7120-RFMVS","Yes"
"7924-GJZFI","No"
"4702-HDRKD","No"
"8512-WIWYV","No"
"5897-ZYEKH","No"
"5456-ITGIC","No"
"7317-GGVPB","Yes"
"1406-PUQVY","No"
"3677-IYRBF","Yes"
"9114-AAFQH","No"
"8715-KKTFG","No"
"1728-BQDMA","No"
"0268-QKIWO","Yes"
"5117-ZSMHQ","No"
"5151-HQRDG","No"
"0960-HUWBM","No"
"6465-GSRCL","No"
"0617-FHSGK","Yes"
"0263-FJTQO","No"
"2858-MOFSQ","Yes"
"8118-LSUEL","Yes"
"1666-JXLKU","No"
"7855-DIWPO","No"
"5133-POWUA","No"
"7005-CCBKV","Yes"
"1810-BOHSY","No"
"1784-BXEFA","No"
"9224-VTYID","No"
"9500-IWPXQ","No"
"5762-TJXGK","No"
"4504-YOULA","No"
"7284-ZZLOH","No"
"5277-ZLOOR","Yes"
"2141-RRYGO","Yes"
"1777-JYQPJ","No"
"6376-GAHQE","Yes"
"3401-URHDA","No"
"5052-PNLOS","Yes"
"3853-LYGAM","No"
"6979-ZNSFF","Yes"
"5680-LQOGP","No"
"6032-IGALN","Yes"
"9931-DCEZH","No"
"1898-JSNDC","No"
"3911-RSNHI","No"
"2410-CIYFZ","No"
"4248-HCETZ","Yes"
"5505-OVWQW","No"
"7271-AJDTL","No"
"1867-TJHTS","No"
"0516-WJVXC","Yes"
"9174-FKWZE","Yes"
"6860-YRJZP","No"
"4429-WYGFR","No"
"2817-LVCPP","No"
"5038-ETMLM","No"
"4521-WFJAI","No"
"6569-KTMDU","No"
"8809-RIHDD","Yes"
"8809-XKHMD","No"
"0396-YCHWO","No"
"0867-LDTTC","No"
"9391-DXGGG","No"
"9844-FELAJ","No"
"2122-SZZZD","No"
"3148-AOIQT","No"
"8679-JOEVF","Yes"
"8395-ETZKQ","No"
"6692-YQHXC","No"
"3889-VWBID","No"
"5222-JCXZT","No"
"9754-CLVZW","No"
"1432-FPAXX","Yes"
"2739-CCZMB","No"
"0496-AHOOK","No"
"8336-TAVKX","No"
"3181-VTHOE","No"
"7168-HDQHG","No"
"4803-AXVYP","Yes"
"3884-HCSWG","Yes"
"4567-AKPIA","No"
"5077-DXTCG","Yes"
"7901-HXJVA","No"
"4892-VLANZ","Yes"
"7968-QUXNS","No"
"2919-HBCJO","Yes"
"4236-XPXAV","Yes"
"8903-WMRNW","No"
"2452-SNHFZ","No"
"6029-CSMJE","No"
"7993-NQLJE","No"
"9099-FTUHS","No"
"0581-BXBUB","No"
"9467-ROOLM","No"
"3030-YZADT","Yes"
"7410-KTVFV","Yes"
"5150-ITWWB","No"
"2253-KPMNB","No"
"1345-ZUKID","No"
"6429-SHBCB","No"
"9281-OFDMF","No"
"2603-HVKCG","No"
"9097-ZUBYC","No"
"5148-ORICT","No"
"4893-GYUJU","No"
"7272-QDCKA","No"
"8908-SLFCJ","No"
"8393-DLHGA","Yes"
"9766-HGEDE","No"
"6968-MHOMU","No"
"7395-IGJOS","Yes"
"5044-XDPYX","No"
"1814-WFGVS","No"
"3721-WKIIL","No"
"7890-VYYWG","Yes"
"5197-LQXXH","No"
"9907-SWKKF","Yes"
"3457-PQBYH","No"
"7682-AZNDK","No"
"3745-HRPHI","No"
"7636-OWBPG","No"
"6397-JNZZG","Yes"
"0570-BFQHT","No"
"3523-QRQLL","Yes"
"8564-LDKFL","No"
"0895-DQHEW","Yes"
"4717-GHADL","No"
"6772-WFQRD","No"
"3810-DVDQQ","No"
"6972-SNKKW","No"
"3694-GLTJM","No"
"8550-XSXUQ","No"
"8149-RSOUN","Yes"
"4359-INNWN","No"
"0585-EGDDA","No"
"3594-IVHJZ","No"
"8205-VSLRB","No"
"5960-MVTUK","No"
"3082-VQXNH","No"
"4013-UBXWQ","Yes"
"0750-EKNGL","No"
"3567-PQTSO","No"
"5519-NPHVG","Yes"
"8043-PNYSD","No"
"2703-AMTUL","No"
"0928-JMXNP","No"
"4825-XJGDM","No"
"6734-JDTTV","No"
"7850-THJMU","No"
"3890-RTCMS","No"
"8849-GYOKR","Yes"
"3717-FDJFU","No"
"3665-JATSN","No"
"7966-YOTQW","No"
"0461-CVKMU","Yes"
"8806-EAGWC","Yes"
"7779-LGOVN","Yes"
"4324-BZCKL","No"
"9710-ZUSHQ","Yes"
"1536-YHDOE","No"
"8123-QBNAZ","No"
"3629-ZNKXA","No"
"7711-YIJWC","No"
"5482-VXSXJ","No"
"7365-BVCJH","No"
"9620-ENEJV","No"
"2378-YIZKA","No"
"5498-TXHLF","Yes"
"0689-DSXGL","No"
"6818-DJXAA","No"
"9722-UJOJR","Yes"
"8902-ZEOVF","No"
"6778-EICRF","No"
"2662-NNTDK","No"
"4132-KALRO","No"
"6772-KSATR","Yes"
"7112-OPOTK","Yes"
"2874-YXVVA","No"
"4323-ELYYB","No"
"4293-ETKAP","No"
"6064-PUPMC","No"
"6504-VBLFL","No"
"6322-PJJDJ","No"
"0330-BGYZE","No"
"1085-LDWAM","No"
"7586-ZATGZ","No"
"7197-VOJMM","No"
"3318-OSATS","Yes"
"1843-TLSGD","No"
"9626-VFRGG","No"
"9143-CANJF","No"
"2041-JIJCI","No"
"1086-LXKFY","Yes"
"4900-MSOMT","No"
"9194-GFVOI","No"
"1336-EZFZY","No"
"4282-MSACW","No"
"1403-LKLIK","No"
"2636-ALXXZ","Yes"
"7774-OJSXI","Yes"
"0136-IFMYD","No"
"2706-QZIHY","No"
"9885-CSMWE","Yes"
"4232-JGKIY","No"
"2402-TAIRZ","No"
"9659-ZTWSM","No"
"9139-TWBAS","No"
"6685-GBWJZ","No"
"2195-VVRJF","No"
"8058-JMEQO","Yes"
"4203-QGNZA","No"
"0697-ZMSWS","Yes"
"7657-DYEPJ","Yes"
"9494-BDNNC","No"
"1640-PLFMP","No"
"5366-OBVMR","No"
"7593-XFKDI","Yes"
"4573-JKNAE","No"
"0337-CNPZE","Yes"
"9817-APLHW","No"
"8380-MQINP","No"
"0840-DFEZH","No"
"1513-XNPPH","Yes"
"8690-ZVLCL","No"
"6015-VVHHE","Yes"
"6347-DCUIK","Yes"
"1335-HQMKX","No"
"2172-EJXVF","No"
"0897-FEGMU","Yes"
"7663-RGWBC","Yes"
"1120-BMWUB","Yes"
"4536-PLEQY","No"
"7029-IJEJK","No"
"8871-JLMHM","No"
"2235-ZGKPT","Yes"
"3891-PUQOD","Yes"
"5447-VYTKW","No"
"3623-FQBOX","No"
"0689-NKYLF","Yes"
"8659-HDIYE","No"
"3658-KIBGF","Yes"
"3474-BAFSJ","No"
"5519-YLDGW","Yes"
"1855-AGAWH","No"
"7109-CQYUZ","No"
"1370-GGAWX","No"
"4680-KUTAJ","No"
"5307-UVGNB","No"
"4946-EDSEW","Yes"
"2883-ILGWO","No"
"2516-VQRRV","Yes"
"7580-UGXNC","Yes"
"3642-BYHDO","No"
"9629-NHXFW","No"
"2696-RZVZW","No"
"5178-LMXOP","Yes"
"8879-ZKJOF","No"
"6285-FTQBF","No"
"7526-BEZQB","Yes"
"1474-JUWSM","No"
"8498-XXGWA","No"
"0621-TSSMU","No"
"7636-PEPNS","No"
"6794-HKIAJ","No"
"5578-NKCXI","No"
"1642-HMARX","No"
"3096-WPXBT","No"
"5950-AAAGJ","No"
"4299-OPXEJ","No"
"4951-UKAAQ","Yes"
"9618-LFJRU","No"
"6693-DJWTY","No"
"6447-EGDIV","No"
"1167-OYZJF","No"
"4806-DXQCE","No"
"4854-SSLTN","No"
"4837-PZTIC","No"
"0603-OLQDC","No"
"3272-VUHPV","No"
"4176-FXYBO","No"
"1063-DHQJF","No"
"8663-UPDGF","No"
"1837-YQUCE","No"
"2947-DOMLJ","Yes"
"4112-LUEIZ","Yes"
"0369-ZGOVK","No"
"4510-HIMLV","Yes"
"9919-KNPOO","No"
"8749-JMNKX","Yes"
"7872-BAAZR","No"
"8174-TBVCF","No"
"1698-XFZCI","No"
"5955-ERIHD","Yes"
"0917-EZOLA","Yes"
"4086-ATNFV","No"
"0468-YRPXN","No"
"5996-NRVXR","No"
"3739-YBWAB","No"
"7047-FWEYA","No"
"2000-MPKCA","No"
"9762-YAQAA","No"
"5949-EBSQK","Yes"
"5473-KHBPS","No"
"0100-DUVFC","No"
"5397-TUPSH","No"
"0326-VDYXE","No"
"6773-LQTVT","No"
"0436-TWFFZ","No"
"8566-YPRGL","No"
"6609-MXJHJ","No"
"2669-OIDSD","No"
"8400-WZICQ","No"
"3834-XUIFC","Yes"
"0410-IPFTY","No"
"9430-NKQLY","No"
"8414-MYSHR","Yes"
"0247-SLUJI","No"
"9402-ORRAH","No"
"6483-OATDN","No"
"1293-HHSHJ","No"
"4840-ORQXB","No"
"7599-FKVXZ","Yes"
"3982-DQLUS","No"
"8610-ZIKJJ","No"
"3756-VNWDH","No"
"7801-KICAO","No"
"7673-LPRNY","No"
"8229-TNIQA","Yes"
"7339-POGZN","No"
"2828-SLQPF","No"
"4465-VDKIQ","No"
"2921-XWDJH","No"
"6221-AVQYL","Yes"
"2558-BUOZZ","No"
"0003-MKNFE","No"
"0975-UYDTX","No"
"7743-EXURX","Yes"
"4682-BLBUC","No"
"0975-VOOVL","No"
"5968-VXZLG","No"
"4988-IQIGL","Yes"
"5201-FRKKS","No"
"9799-CAYJJ","No"
"7730-IUTDZ","Yes"
"0426-TIRNE","Yes"
"5443-SCMKX","No"
"8295-KMENE","No"
"6738-ISCBM","No"
"3678-MNGZX","No"
"4558-CGYCZ","No"
"8710-YGLWG","No"
"3199-XGZCY","No"
"3785-KTYSH","No"
"6814-ZPWFQ","No"
"4063-EIKNQ","No"
"6993-YCOBK","No"
"5206-HPJKM","No"
"7587-RZNME","Yes"
"0748-RDGGM","Yes"
"5019-GQVCR","No"
"6036-TTFYU","No"
"2550-AEVRU","No"
"0969-RGKCU","No"
"0378-CJKPV","No"
"5889-JTMUL","Yes"
"9026-RNUJS","Yes"
"2332-EFBJY","Yes"
"2880-FPNAE","No"
"1703-MGIAB","No"
"4311-QTTAI","No"
"9474-PHLYD","Yes"
"4318-RAJVY","No"
"2254-DLXRI","No"
"9028-LIHRP","No"
"2219-MVUSO","Yes"
"1053-MXTTK","No"
"1530-ZTDOZ","No"
"1301-LOPVR","No"
"8914-RBTSB","Yes"
"6212-ATMLK","No"
"8200-LGKSR","No"
"0670-ANMUU","No"
"6897-RWMUB","No"
"0963-ZBDRN","Yes"
"7594-RQHXR","Yes"
"6999-CHVCF","No"
"1077-HUUJM","No"
"6331-EWIEB","Yes"
"0895-LNKRC","No"
"2045-BMBTJ","No"
"5171-EPLKN","No"
"5998-VVEJY","Yes"
"1624-NALOJ","Yes"
"6741-EGCBI","No"
"9677-AVKED","No"
"2227-JRSJX","No"
"8980-WQFWL","No"
"1730-ZMAME","No"
"4634-JLRJT","No"
"2560-QTSBS","No"
"4795-WRNVT","No"
"6080-TCMYC","No"
"0260-ZDLGK","Yes"
"7860-UXCRM","No"
"6357-JJPQT","No"
"2292-XQWSV","No"
"9552-TGUZV","No"
"5913-INRQV","No"
"8722-NGNBH","Yes"
"6210-KBBPI","Yes"
"9447-YPTBX","No"
"0133-BMFZO","Yes"
"6128-CZOMY","Yes"
"9540-JYROE","Yes"
"2260-USTRB","Yes"
"6185-TASNN","No"
"7925-PNRGI","No"
"1552-CZCLL","No"
"3038-PQIUY","No"
"1501-SGHBW","Yes"
"9313-CDOGY","No"
"8148-BPLZQ","No"
"2623-DRYAM","No"
"9987-LUTYD","No"
"3208-YPIOE","Yes"
"4488-KQFDT","No"
"5693-PIPCS","No"
"1925-LFCZZ","No"
"6900-PXRMS","Yes"
"8707-RMEZH","No"
"3346-BRMIS","Yes"
"3209-ZPKFI","No"
"6479-VDGRK","No"
"9373-WSLOY","No"
"2933-FILNV","Yes"
"9544-PYPSJ","No"
"1591-XWLGB","No"
"3243-ZHOHY","No"
"5186-EJEGL","No"
"7527-QNRUS","No"
"9986-BONCE","Yes"
"2722-JMONI","Yes"
"2203-GHNWN","No"
"3878-AVSOQ","No"
"3258-SYSWS","No"
"5296-PSYVW","No"
"7579-OOPEC","Yes"
"1771-OADNZ","Yes"
"0487-CRLZF","No"
"2107-FBPTK","No"
"9451-WLYRI","No"
"8219-VYBVI","No"
"1991-VOPLL","No"
"9738-QLWTP","No"
"1016-DJTSV","No"
"9419-IPPBE","No"
"0174-QRVVY","No"
"2900-PHPLN","No"
"0612-RTZZA","Yes"
"8106-GWQOK","No"
"6878-GGDWG","No"
"4039-PIMHX","No"
"8450-LUGUK","No"
"3604-WLABM","No"
"1142-IHLOO","No"
"4633-MKHYU","No"
"6257-RJOHI","No"
"1545-JFUML","No"
"3194-ORPIK","Yes"
"2587-EKXTS","No"
"5442-BXVND","No"
"8816-VXNZD","Yes"
"9378-FXTIZ","Yes"
"1723-HKXJQ","Yes"
"9753-OYLBX","No"
"2364-UFROM","No"
"6656-JWRQX","No"
"6473-ULUHT","No"
"0836-SEYLU","Yes"
"4433-JCGCG","Yes"
"3716-BDVDB","Yes"
"2842-BCQGE","No"
"7244-QWYHG","No"
"5899-MQZZL","Yes"
"6849-OYAMU","Yes"
"2150-WLKUW","No"
"7032-LMBHI","No"
"1150-WFARN","Yes"
"6088-BXMRG","No"
"3144-AUDBS","Yes"
"4821-SJHJV","No"
"7346-MEDWM","No"
"1137-DGOWI","No"
"5616-PRTNT","Yes"
"3812-LRZIR","No"
"9483-GCPWE","No"
"4227-OJHAL","No"
"9220-CXRSC","No"
"4993-JCRGJ","No"
"9537-JALFH","No"
"2103-ZRXFN","No"
"4877-TSOFF","No"
"9209-NWPGU","No"
"6961-VCPMC","Yes"
"7306-YDSOI","No"
"6688-UZPWD","Yes"
"0655-YDGFJ","No"
"1097-FSPVW","No"
"2839-RFSQE","Yes"
"8328-SKJNO","No"
"5201-CBWYG","No"
"1965-DDBWU","Yes"
"6352-GIGGQ","No"
"3635-QQRQD","No"
"6771-XWBDM","Yes"
"2897-DOVND","No"
"0191-EQUUH","No"
"7134-HBPBS","No"
"3489-HHPFY","No"
"2926-JEJJC","No"
"8601-QACRS","Yes"
"0508-OOLTO","No"
"2984-TBYKU","No"
"9822-WMWVG","No"
"9040-KZVWO","No"
"6339-RZCBJ","No"
"4424-TKOPW","Yes"
"4415-WNGVR","No"
"2522-AHJXR","No"
"0412-UCCNP","No"
"1816-FLZDK","No"
"7096-UCLNH","No"
"8443-ZRDBZ","Yes"
"4615-PIVVU","No"
"8885-QSQBX","No"
"7479-NITWS","Yes"
"8617-ENBDS","No"
"9385-NXKDA","No"
"0430-IHCDJ","No"
"1814-DKOLC","No"
"4201-JMNGR","Yes"
"9351-HXDMR","No"
"3537-HPKQT","No"
"5960-WPXQM","Yes"
"0684-AOSIH","Yes"
"8260-NGFNY","Yes"
"1866-RZZQS","Yes"
"6968-URWQU","No"
"4742-TXUEX","No"
"9631-XEYKE","No"
"8631-NBHFZ","Yes"
"1335-MXCSE","No"
"8873-TMKGR","No"
"8800-JOOCF","No"
"1469-LBJQJ","No"
"4958-XCBDQ","Yes"
"8337-UPOAQ","Yes"
"2386-OWURY","No"
"1725-IQNIY","Yes"
"0310-VQXAM","No"
"6598-RFFVI","Yes"
"6278-FEPBZ","No"
"4280-DLSHD","No"
"8614-VGMMV","Yes"
"2800-QQUSO","No"
"7973-DZRKH","No"
"2533-QVMSK","Yes"
"9773-PEQBZ","No"
"8625-AZYZY","Yes"
"7785-RDVIG","No"
"9602-WCXPI","No"
"2903-YYTBW","No"
"8573-JGCZW","No"
"6837-HAEVO","No"
"6701-YVNQG","No"
"4304-XUMGI","No"
"9504-YAZWB","No"
"8819-ZBYNA","No"
"6174-NRBTZ","No"
"1833-VGRUM","Yes"
"6137-NICCO","No"
"9065-ZCPQX","No"
"6402-EJMWF","No"
"6870-ECSHE","No"
"8374-XGEJJ","Yes"
"2656-TABEH","Yes"
"6946-LMSQS","Yes"
"4626-OZDTJ","No"
"9169-BSVIN","No"
"6872-HXFNF","No"
"3932-CMDTD","Yes"
"7714-YXSMB","No"
"1080-BWSYE","No"
"4039-HEUNW","Yes"
"1194-HVAIF","No"
"0812-WUPTB","Yes"
"3594-UVONA","Yes"
"1767-TGTKO","No"
"8805-JNRAZ","No"
"5089-IFSDP","Yes"
"0206-OYVOC","No"
"7128-GGCNO","No"
"0237-YFUTL","No"
"7691-KGKGP","No"
"6710-HSJRD","No"
"1732-FEKLD","No"
"0479-HMSWA","No"
"5854-KSRBJ","No"
"4817-VYYWS","Yes"
"5701-SVCWR","No"
"3129-AAQOU","No"
"4922-CVPDX","No"
"1396-QWFBJ","Yes"
"1357-BIJKI","No"
"1099-BTKWT","No"
"5299-SJCZT","Yes"
"7340-KEFQE","No"
"4570-QHXHL","No"
"2403-BCASL","Yes"
"7392-YYPYJ","No"
"2898-LSJGD","Yes"
"2223-GDSHL","No"
"7359-PTSXY","Yes"
"9470-RTWDV","No"
"2176-OSJUV","No"
"9348-YVOMK","No"
"4521-YEEHE","No"
"6086-ESGRL","Yes"
"2592-HODOV","No"
"7995-ZHHNZ","No"
"5816-SCGFC","No"
"5989-AXPUC","No"
"4979-HPRFL","No"
"8015-IHCGW","No"
"9278-VZKCD","No"
"8008-OTEZX","No"
"2773-OVBPK","No"
"5999-LCXAO","No"
"5206-XZZQI","No"
"4803-LBYPN","No"
"5759-RCVCB","Yes"
"6372-RFVNS","Yes"
"2139-FQHLM","No"
"8261-GWDBQ","No"
"8749-TZYEC","No"
"1755-FZQEC","No"
"3115-JPJDD","No"
"5600-KTXFM","No"
"6319-IEJWJ","Yes"
"9025-AOMKI","Yes"
"6339-TBELP","No"
"7964-YESJC","No"
"5275-SQEIZ","Yes"
"7716-YTYHG","Yes"
"9938-ZREHM","No"
"4647-MUZON","No"
"8849-PRIQJ","No"
"8851-RAGOV","No"
"1304-NECVQ","Yes"
"5396-IZEPB","No"
"6629-LADHQ","No"
"1559-DTODC","No"
"8720-RQSBJ","No"
"4537-CIBHB","No"
"3815-SLMEF","Yes"
"5154-VEKBL","Yes"
"4355-CVPVS","No"
"4495-LHSSK","No"
"5915-ANOEI","No"
"7225-CBZPL","No"
"6704-UTUKK","No"
"4587-VVTOX","Yes"
"2019-HDCZY","No"
"4652-NNHNY","Yes"
"8788-DOXSU","No"
"7421-ZLUPA","No"
"8972-HJWNV","Yes"
"2632-IVXVF","No"
"3692-JHONH","No"
"5914-GXMDA","No"
"7463-IFMQU","No"
"2920-RNCEZ","No"
"2541-YGPKE","No"
"8515-OCTJS","Yes"
"3441-CGZJH","No"
"9592-ERDKV","No"
"2860-RANUS","Yes"
"4778-IZARL","No"
"1200-TUZHR","No"
"9365-CSLBQ","No"
"1334-FJSVR","Yes"
"5884-FBCTL","No"
"7130-CTCUS","No"
"6194-HBGQN","No"
"7634-WSWDB","No"
"2987-BJXIK","No"
"0406-BPDVR","Yes"
"0618-XWMSS","Yes"
"1395-WSWXR","No"
"0420-HLGXF","No"
"9823-EALYC","No"
"2565-JSLRY","Yes"
"2607-DHDAK","No"
"1073-XXCZD","No"
"3727-JEZTU","No"
"8143-ETQTI","No"
"6689-KXGBO","Yes"
"9667-TKTVZ","No"
"3657-COGMW","No"
"8570-KLJYJ","No"
"7754-IXRMC","No"
"9473-CBZOP","No"
"2969-WGHQO","No"
"4334-HOWRP","No"
"5863-OOKCL","No"
"1329-VHWNP","No"
"2984-MIIZL","Yes"
"0266-GMEAO","No"
"5590-YRFJT","Yes"
"8309-PPCED","No"
"4098-NAUKP","No"
"5196-WPYOW","No"
"1485-YDHMM","No"
"4054-CUMIA","No"
"0603-TPMIB","No"
"2525-GVKQU","No"
"9581-GVBXT","No"
"5862-BRIXZ","No"
"3308-JSGML","No"
"3677-TNKIO","Yes"
"0440-QEXBZ","No"
"2434-EEVDB","No"
"6762-QVYJO","No"
"6199-IWKGC","No"
"2675-DHUTR","No"
"8152-VETUR","No"
"9667-EQRXU","Yes"
"7446-YPODE","No"
"9522-BNTHX","No"
"4676-WLUHT","No"
"3329-WDIOK","Yes"
"2873-ZLIWT","Yes"
"3415-TAILE","Yes"
"0757-WCUUZ","No"
"1629-DQQVB","No"
"1915-IOFGU","Yes"
"3045-XETSH","Yes"
"0374-AACSZ","No"
"7239-HZZCX","Yes"
"4872-VXRIL","No"
"9140-CZQZZ","No"
"3423-HHXAO","No"
"0531-ZZJWQ","No"
"6537-QLGEX","No"
"2688-BHGOG","No"
"7683-CBDKJ","Yes"
"3160-TYXLT","No"
"1325-USMEC","No"
"0628-CNQRM","Yes"
"5606-AMZBO","No"
"6199-IPCAO","No"
"0112-QWPNC","Yes"
"2235-EZAIK","No"
"3847-BAERP","No"
"1196-AMORA","Yes"
"4282-YMKNA","Yes"
"8263-OKETD","No"
"2476-YGEFM","No"
"8687-BAFGU","No"
"0641-EVBOJ","No"
"9974-JFBHQ","No"
"5356-RHIPP","Yes"
"6624-JDRDS","No"
"0608-JDVEC","No"
"9780-FKVVF","No"
"3345-PBBFH","No"
"5055-BRMNE","No"
"9189-JWSHV","Yes"
"0746-JTRFU","Yes"
"5208-FVQKB","No"
"7184-LRUUR","No"
"3982-JGSFD","No"
"1574-DYCWE","No"
"2466-FCCPT","No"
"6211-WWLTF","No"
"4826-TZEVA","No"
"6016-NXBNJ","No"
"9138-EFSMO","No"
"0576-WNXXC","Yes"
"4632-XJMEX","No"
"2716-GFZOR","No"
"3724-UCSHY","No"
"8626-XHBIE","No"
"4628-CTTLA","Yes"
"3192-LNKRK","No"
"4439-YRNVD","No"
"6834-NXDCA","Yes"
"8670-MEFCP","No"
"3079-BCHLN","No"
"5597-GLBUC","Yes"
"7278-CKDNC","No"
"2969-VAPYH","No"
"8474-UMLNT","No"
"3836-FZSDJ","No"
"9142-XMYJH","No"
"6559-ILWKJ","Yes"
"0187-QSXOE","No"
"7733-UDMTP","No"
"5214-CHIWJ","No"
"4229-CZMLL","Yes"
"6904-JLBGY","No"
"2465-BLLEU","No"
"1685-VAYJF","No"
"6917-YACBP","No"
"5049-MUBWG","No"
"9253-VIFJQ","No"
"7030-FZTFM","No"
"9741-YLNTD","No"
"3663-MITLP","Yes"
"0906-QVPMS","No"
"1905-OEILC","No"
"3285-UCQVC","Yes"
"3470-BTGQO","No"
"8224-DWCKX","No"
"5482-PLVPE","Yes"
"4553-DVPZG","No"
"4902-OHLSK","Yes"
"6917-IAYHD","No"
"0495-ZBNGW","Yes"
"7572-KPVKK","No"
"2642-MAWLJ","No"
"2357-COQEK","Yes"
"7103-ZGVNT","No"
"3737-GCSPV","Yes"
"7137-NAXML","No"
"2428-ZMCTB","No"
"2961-VNFKL","No"
"5934-RMPOV","No"
"1207-BLKSA","No"
"4088-YLDSU","Yes"
"8316-BBQAY","No"
"1166-PQLGG","No"
"3146-JTQHR","No"
"4291-YZODP","No"
"4395-PZMSN","No"
"6427-FEFIG","No"
"0017-IUDMW","No"
"8706-HRADD","No"
"4385-ZKVNW","No"
"5446-DKWYW","No"
"2034-CGRHZ","Yes"
"4228-ZGYUW","Yes"
"9031-ZVQPT","No"
"2990-IAJSV","No"
"8107-KNCIM","No"
"4644-OBGFZ","No"
"7926-IJOOU","No"
"4029-HPFVY","No"
"7602-DBTOU","No"
"3519-ZKXGG","Yes"
"5457-COLHT","No"
"6416-TVAIH","Yes"
"5451-YHYPW","No"
"3066-RRJIO","Yes"
"4664-NJCMS","No"
"0307-BCOPK","No"
"7629-WFGLW","No"
"2542-HYGIQ","No"
"6715-OFDBP","Yes"
"5016-LIPDW","No"
"6481-LXPWL","No"
"1567-DSCIC","Yes"
"2150-UWTFY","Yes"
"6124-ACRHJ","No"
"9362-MWODR","No"
"9975-GPKZU","No"
"9625-RZFUK","No"
"5153-LXKDT","No"
"5161-UBZXI","No"
"1020-JPQOW","No"
"7919-ZODZZ","No"
"0565-JUPYD","No"
"5939-XAIXZ","No"
"9054-FOWNV","No"
"2157-MXBJS","Yes"
"8207-VVMYB","No"
"9732-EQMWY","No"
"5269-NRGDP","No"
"5485-WUYWF","Yes"
"8818-DOPVL","No"
"5445-PZWGX","Yes"
"1227-UDMZR","No"
"9170-CCKOU","Yes"
"2167-FQSTQ","No"
"1043-YCUTE","Yes"
"3814-MLAXC","Yes"
"3572-UUHRS","No"
"1226-UDFZR","Yes"
"5955-EPOAZ","No"
"8815-LMFLX","No"
"8582-KRHPJ","No"
"5811-IWXYM","No"
"7044-YAACC","No"
"8189-XRIKE","No"
"1506-YJTYT","No"
"4123-DVHPH","No"
"6425-YQLLO","Yes"
"5442-UTCVD","Yes"
"2228-BZDEE","No"
"7734-DBOAI","Yes"
"2789-CZANW","No"
"2091-RFFBA","Yes"
"2114-MGINA","Yes"
"7596-LDUXP","No"
"3740-RLMVT","No"
"4489-SNOJF","Yes"
"2192-OZITF","No"
"2186-QZEYA","No"
"1131-ALZWV","No"
"7729-XBTWX","No"
"9134-WYRVP","No"
"3284-SVCRO","No"
"9732-OUYRN","No"
"6899-PPEEA","Yes"
"7504-UWHNB","No"
"1431-AIDJQ","No"
"6288-LBEAR","No"
"4597-NUCQV","Yes"
"5808-TOTXO","No"
"4369-NYSCF","No"
"6333-YDVLT","No"
"5324-KTGCG","No"
"7394-LWLYN","No"
"3707-LRWZD","Yes"
"2700-LUEVA","No"
"1455-ESIQH","Yes"
"0958-YHXGP","No"
"4013-TLDHQ","Yes"
"5743-KHMNA","No"
"4194-FJARJ","No"
"5325-UWTWJ","No"
"3969-GYXEL","No"
"9208-OLGAQ","No"
"3244-CQPHU","No"
"2674-MLXMN","No"
"6992-TKNYO","No"
"4468-YDOVK","No"
"3754-DXMRT","Yes"
"5792-JALQC","No"
"7130-VTEWQ","Yes"
"2200-DSAAL","No"
"4302-ZYFEL","No"
"9351-LZYGF","No"
"4366-CTOUZ","No"
"7903-CMPEY","Yes"
"1518-OMDIK","No"
"6671-NGWON","No"
"1955-IBMMB","No"
"3806-YAZOV","No"
"6253-WRFHY","No"
"9133-AYJZG","No"
"5018-GWURO","No"
"4737-HOBAX","No"
"0537-QYZZN","No"
"1704-NRWYE","Yes"
"2592-SEIFQ","Yes"
"8200-KLNYW","No"
"3372-CDXFJ","No"
"4781-ZXYGU","No"
"7632-YUTXB","No"
"2718-YSKCS","No"
"9896-UYMIE","No"
"0853-NWIFK","No"
"6980-CDGFC","No"
"7691-XVTZH","No"
"7481-ATQQS","Yes"
"2277-VWCNI","No"
"8642-GVWRF","Yes"
"5868-YTYKS","No"
"3525-DVKFN","No"
"1482-OXZSY","No"
"0377-JBKKT","No"
"5778-BVOFB","No"
"3373-YZZYM","No"
"2057-ZBLPD","Yes"
"0228-MAUWC","No"
"5502-RLUYV","Yes"
"0023-HGHWL","Yes"
"7663-YJHSN","No"
"4915-BFSXL","No"
"3086-RUCRN","No"
"5215-LNLDJ","No"
"7576-JMYWV","No"
"9039-RBEEE","Yes"
"0257-KXZGU","No"
"1307-ATKGB","No"
"8417-FMLZI","Yes"
"3714-XPXBW","No"
"1850-AKQEP","No"
"2824-DXNKN","No"
"5227-JSCFE","No"
"3621-CHYVB","No"
"1792-UXAFY","Yes"
"0420-TXVSG","No"
"6217-TOWGS","No"
"0515-YPMCW","Yes"
"0378-XSZPU","Yes"
"1045-LTCYT","No"
"1544-JJMYL","No"
"6874-SGLHU","No"
"5951-AOFIH","No"
"4729-XKASR","Yes"
"8652-YHIYU","No"
"5278-PNYOX","No"
"5449-FIBXJ","Yes"
"5061-PBXFW","No"
"8630-FJLIB","No"
"3891-NLXJB","No"
"3639-XJHKQ","No"
"2263-SFSQZ","No"
"9950-MTGYX","No"
"3397-AVTKU","No"
"4825-FUREZ","No"
"9837-BMCLM","Yes"
"2672-OJQZP","No"
"6161-UUUTA","Yes"
"6543-XRMYR","Yes"
"2001-EWBQU","No"
"6695-AMZUF","No"
"1455-UGQVH","Yes"
"8280-MQRQN","Yes"
"7611-YKYTC","No"
"3178-FESZO","Yes"
"0082-OQIQY","No"
"6087-MVHJH","Yes"
"4603-JANFB","Yes"
"4806-KEXQR","Yes"
"0667-NSRGI","No"
"7083-YNSKY","Yes"
"6893-ODYYE","No"
"8242-JSVBO","No"
"2479-BRAMR","Yes"
"2665-NPTGL","No"
"1139-WUOAH","No"
"4693-VWVBO","No"
"6937-GCDGQ","No"
"0988-JRWWP","No"
"7908-QCBCA","Yes"
"8644-XYTSV","No"
"7465-ZZRVX","No"
"7975-JMZNT","No"
"7251-XFOIL","No"
"3714-JTVOV","Yes"
"8259-DZLIZ","No"
"0442-ZXKVS","No"
"7853-WNZSY","No"
"3120-FAZKD","No"
"8606-OEGQZ","No"
"9489-JMTTN","No"
"0967-BMLBD","No"
"2830-LEWOA","No"
"1264-BYWMS","Yes"
"9658-WYUFB","Yes"
"8327-WKMIE","No"
"6917-FIJHC","No"
"5329-KRDTM","No"
"7797-EJMDP","No"
"3530-VWVGU","No"
"2013-SGDXK","Yes"
"6368-NWMCE","No"
"3633-CDBUW","No"
"8580-QVLOC","Yes"
"9274-UARKJ","No"
"2012-NWRPA","Yes"
"8808-ELEHO","Yes"
"0103-CSITQ","No"
"3506-LCJDC","Yes"
"8671-KKKOS","No"
"9518-XXBXE","No"
"3934-HXCFZ","Yes"
"7666-WKRON","Yes"
"9688-YGXVR","No"
"4910-AQFFX","Yes"
"2154-KVJFF","Yes"
"2607-FBDFF","No"
"9647-ERGBE","Yes"
"3428-XZMAZ","Yes"
"1100-DDVRV","No"
"4355-HBJHH","Yes"
"9058-CBREO","Yes"
"9029-FEGVJ","No"
"7216-KAOID","No"
"0318-QUUOB","Yes"
"6145-NNPNO","No"
"5339-TJFEK","No"
"5572-ZDXHY","Yes"
"2074-GUHPQ","No"
"1385-TQOZW","No"
"4329-YPDDQ","No"
"4804-NCPET","No"
"5944-UGLLK","No"
"8063-GBATB","Yes"
"2252-ISRNH","No"
"9415-TPKRV","No"
"5322-TEUJK","No"
"4877-EVATK","Yes"
"1866-DIOQZ","No"
"8375-KVTHK","No"
"2697-NQBPF","No"
"7639-SUPCW","Yes"
"1386-ZIKUV","No"
"6377-WHAOX","No"
"6855-VLGOS","No"
"8999-XXGNS","No"
"8746-OQQRW","No"
"3181-MIZBN","No"
"0825-CPPQH","No"
"6122-LJADA","No"
"7524-VRLPL","No"
"7569-NMZYQ","No"
"5201-USSQZ","No"
"1494-EJZDW","No"
"4884-TVUQF","No"
"8003-EWNDZ","No"
"4658-HCOHW","Yes"
"2211-RMNHO","No"
"2432-TFSMK","No"
"3440-JPSCL","Yes"
"4929-ROART","No"
"1741-WTPON","No"
"3932-IJWDZ","No"
"1240-HCBOH","No"
"3594-KADLU","No"
"8065-BVEPF","No"
"3796-ENZGF","No"
"1734-ZMNTZ","No"
"0813-TAXXS","No"
"2889-FPWRM","Yes"
"0626-QXNGV","No"
"6723-CEGQI","No"
"6987-XQSJT","Yes"
"4732-RRJZC","No"
"9499-XPZXM","No"
"4338-EYCER","No"
"6350-XFYGW","No"
"4290-BSXUX","Yes"
"8513-OLYGY","No"
"8705-DWKTI","No"
"8755-IWJHN","No"
"0325-XBFAC","Yes"
"4480-QQRHC","No"
"0929-PECLO","No"
"1202-KKGFU","No"
"6112-KTHFQ","No"
"2462-XIIJB","Yes"
"1820-DJFPH","No"
"9426-SXNHE","No"
"9068-FHQHD","No"
"1269-FOYWN","No"
"9470-YFUYI","No"
"7817-BOQPW","Yes"
"7402-EYFXX","No"
"1853-UDXBW","Yes"
"9895-VFOXH","No"
"5458-CQJTA","Yes"
"1230-QAJDW","No"
"5701-ZIKJE","No"
"5219-YIPTK","Yes"
"7396-VJUZB","No"
"9717-QEBGU","No"
"5172-RKOCB","No"
"3540-RZJYU","Yes"
"2091-MJTFX","Yes"
"4530-NDRKU","No"
"5985-TBABQ","No"
"9800-ONTFE","No"
"6616-AALSR","No"
"0883-EIBTI","Yes"
"4018-KJYUY","No"
"0722-TROQR","Yes"
"7571-YXDAD","Yes"
"3884-UEBXB","No"
"8780-RSYYU","No"
"8701-DGLVH","No"
"3393-FMZPV","Yes"
"8082-GHXOP","No"
"7486-KSRVI","Yes"
"8443-WVPSS","Yes"
"3006-XIMLN","Yes"
"8218-FFJDS","No"
"9965-YOKZB","Yes"
"0504-HHAPI","Yes"
"0345-XMMUG","No"
"3647-GMGDH","Yes"
"2988-GBIVW","No"
"7036-ZZKBD","No"
"0265-PSUAE","No"
"0463-TXOAK","No"
"0594-UFTUL","No"
"9509-MPYOD","No"
"0129-KPTWJ","No"
"8166-ZZTFS","Yes"
"5365-LLFYV","No"
"6008-NAIXK","No"
"2956-GGUCQ","Yes"
"1928-BXYIV","No"
"5760-FXFVO","No"
"0961-ZWLVI","No"
"5181-OABFK","No"
"4007-NHVHI","No"
"7816-VGHTO","No"
"5871-DGTXZ","No"
"7550-WIQVA","No"
"7544-ZVIKX","No"
"0016-QLJIS","No"
"7508-DQAKK","No"
"9356-AXGMP","No"
"3556-BVQGL","No"
"0362-ZBZWJ","Yes"
"8979-CAMGB","No"
"4211-MMAZN","Yes"
"7581-EBBOU","No"
"4274-OWWYO","Yes"
"2192-CKRLV","No"
"3154-HMWUU","No"
"6119-SPUDB","No"
"6522-OIQSX","No"
"1052-QJIBV","No"
"1319-YLZJG","No"
"0723-FDLAY","No"
"3050-RLLXC","No"
"2369-UAPKZ","Yes"
"2778-OCLGR","Yes"
"6583-KQJLK","No"
"8544-JNBOX","No"
"6139-ZZRBQ","No"
"6116-RFVHN","No"
"0637-KVDLV","Yes"
"8884-FEEWR","No"
"3125-RAHBV","No"
"6633-MPWBS","Yes"
"0373-AIVNJ","No"
"8785-EPNCG","Yes"
"1682-VCOIO","No"
"2072-ZVJJX","No"
"8849-AYPTR","No"
"9518-IMLHK","No"
"3646-ITDGM","No"
"8740-CRYFY","Yes"
"8224-KDLKN","No"
"4001-TSBTV","No"
"2962-XPMCQ","Yes"
"8727-XDPUD","No"
"1043-UXOVO","No"
"1064-FBXNK","No"
"3996-ZNWYK","No"
"2878-DHMIN","No"
"7762-ONLJY","No"
"5795-BKOYE","No"
"5480-TBGPH","Yes"
"0018-NYROU","No"
"7501-VTYLJ","No"
"7608-RGIRO","No"
"0480-BIXDE","No"
"5895-QSXOD","No"
"9814-AOUDH","No"
"6175-IRFIT","No"
"1622-HSHSF","No"
"8854-CCVSQ","Yes"
"6749-UTDVX","No"
"9102-OXKFY","No"
"0511-JTEOY","Yes"
"2284-VFLKH","No"
"0366-NQSHS","No"
"6532-YLWSI","Yes"
"3892-NXAZG","No"
"4948-WBBKL","No"
"4182-BGSIQ","No"
"9300-AGZNL","Yes"
"0988-AADSA","No"
"3717-LNXKW","No"
"2207-RYYRL","No"
"6729-FZWSY","No"
"9695-IDRZR","No"
"8144-DGHXP","No"
"7814-LEEVE","No"
"1112-CUNAO","Yes"
"5174-RNGBH","Yes"
"8631-WUXGY","No"
"9565-JSNFM","Yes"
"5906-DVAPM","No"
"6654-QGBZZ","No"
"8348-JLBUG","No"
"0607-DAAHE","Yes"
"5641-DMBFJ","No"
"9200-NLNPD","No"
"2664-XJZNO","No"
"3339-EAQNV","No"
"0921-OHLVP","No"
"8350-NYMVI","No"
"0536-ESJEP","No"
"6478-HRRCZ","No"
"8510-BBWMU","No"
"0584-BJQGZ","No"
"1360-XFJMR","No"
"3070-DVEYC","Yes"
"5730-RIITO","No"
"9058-MJLZC","No"
"5707-ORNDZ","Yes"
"0902-XKXPN","No"
"5177-RVZNU","No"
"0056-EPFBG","No"
"8993-IZEUX","No"
"8696-JKZNU","Yes"
"8190-ZTQFB","No"
"2055-PDADH","Yes"
"7515-LODFU","No"
"1337-BOZWO","No"
"0868-VJRDR","No"
"8714-EUHJO","Yes"
"6344-SFJVH","No"
"3950-VPYJB","No"
"8041-TMEID","No"
"3721-CNEYS","Yes"
"8727-JQFHV","No"
"9475-NNDGC","No"
"1355-KUSBG","No"
"3688-FTHLT","No"
"0899-LIIBW","No"
"2568-OIADY","Yes"
"1384-RCUXW","No"
"5825-XJOCM","No"
"6848-YLDFR","No"
"2320-YKQBO","No"
"2302-ANTDP","Yes"
"7869-ZYDST","No"
"1215-EXRMO","No"
"2305-MRGLV","No"
"8404-VIOMB","No"
"5233-GEEAX","Yes"
"2359-KLTEK","No"
"5304-EFJLP","No"
"9184-GALIL","No"
"4393-RYCRE","No"
"9746-MDMBK","No"
"8404-GFGCZ","No"
"1394-SUIUH","No"
"2533-TIBIX","No"
"8993-PHFWD","Yes"
"1565-RHDJD","Yes"
"7137-RYLPP","Yes"
"7330-WZLNC","Yes"
"0114-PEGZZ","No"
"3359-DSRKA","No"
"3957-LXOLK","Yes"
"6635-MYYYZ","Yes"
"8565-WUXZU","No"
"5281-BUZGT","Yes"
"4994-OBRSZ","No"
"0562-FGDCR","No"
"2436-QBZFP","No"
"3420-YJLQT","No"
"6582-PLFUU","No"
"0264-CNITK","No"
"0089-IIQKO","No"
"7839-NUIAA","No"
"6075-QMNRR","No"
"5378-IKEEG","Yes"
"5966-EMAZU","No"
"0440-EKDCF","No"
"4774-HHGGS","No"
"2718-GAXQD","Yes"
"2055-BFOCC","No"
"8180-AKMJV","No"
"4298-OYIFC","No"
"5566-SOEZD","No"
"9842-EFSYY","No"
"2272-WUSPA","No"
"4584-LBNMK","No"
"0930-EHUZA","No"
"6413-XKKPU","Yes"
"9975-SKRNR","No"
"1449-XQEMT","Yes"
"2626-URJFX","Yes"
"4973-MGTON","No"
"3682-YEUWS","No"
"1223-UNPKS","No"
"4735-ASGMA","Yes"
"3446-QDSZF","No"
"3669-LVWZB","Yes"
"6892-EZDTG","Yes"
"7379-FNIUJ","No"
"1627-AFWVJ","No"
"9725-SCPZG","Yes"
"5884-GCYMI","Yes"
"3217-FZDMN","Yes"
"7853-GVUDZ","Yes"
"7480-QNVZJ","Yes"
"7088-FBAWU","No"
"8313-AFGBW","No"
"9239-ZBZZV","Yes"
"4398-HSCJH","Yes"
"2197-OMWGI","No"
"2303-PJYHN","No"
"9795-VOWON","No"
"1237-WIYYZ","No"
"1987-AUELQ","No"
"7852-LECYP","No"
"4822-LPTYJ","No"
"8165-CBKXO","No"
"6527-PZFPV","No"
"4855-SNKMY","Yes"
"9593-CVZKR","No"
"8595-SIZNC","No"
"8008-HAWED","Yes"
"1862-SKORY","Yes"
"5236-XMZJY","No"
"2694-CIUMO","No"
"5846-ABOBJ","No"
"1439-LCGVL","No"
"0909-SDHNU","No"
"4647-XXZAM","No"
"1502-XFCVR","Yes"
"7740-KKCXF","No"
"5360-XGYAZ","No"
"7912-SYRQT","Yes"
"4816-JBHOV","Yes"
"8920-NAVAY","No"
"1699-TLDLZ","No"
"8292-TYSPY","Yes"
"2067-QYTCF","No"
"2359-QWQUL","Yes"
"9103-TCIHJ","Yes"
"7407-SUJIZ","No"
"9150-KPBJQ","No"
"0052-DCKON","No"
"3654-ARMGP","No"
"9699-UBQFS","No"
"1261-FWTTE","No"
"3528-HFRIQ","No"
"2073-QBVBI","No"
"3320-VEOYC","No"
"6617-WLBQC","No"
"2599-CIPQE","No"
"6653-CBBOM","Yes"
"8774-GSBUN","No"
"7326-RIGQZ","No"
"1401-FTHFQ","No"
"3247-ZVOUO","Yes"
"6101-IMRMM","Yes"
"5429-LWCMV","No"
"7298-IZWLY","No"
"3955-JBZZM","No"
"1268-ASBGA","Yes"
"8943-URTMR","Yes"
"4815-TUMEQ","No"
"4713-LZDRV","Yes"
"9909-IDLEK","No"
"1561-BWHIN","No"
"4325-NFSKC","Yes"
"9500-LTVBP","No"
"2955-PSXOE","Yes"
"3255-GRXMG","No"
"6094-ZIVKX","No"
"6925-BAYGL","No"
"3262-EIDHV","No"
"4135-FRWKJ","No"
"2911-UREFD","Yes"
"3744-ZRRDZ","Yes"
"6551-ZCOTS","No"
"7191-ADRGF","No"
"5018-LXQQG","No"
"1602-IJQQE","Yes"
"1746-TGTWV","No"
"8050-WYBND","No"
"2821-WARNZ","No"
"1644-IRKSF","Yes"
"9402-ROUMJ","No"
"2507-QZPQS","No"
"7159-NOKYQ","No"
"8966-OIQHG","No"
"7074-STDCN","No"
"3705-PSNGL","Yes"
"8739-QOTTN","No"
"1399-OUPJN","No"
"0277-BKSQP","No"
"6502-HCJTI","Yes"
"5774-XZTQC","No"
"6266-QHOJZ","No"
"7269-JISCY","No"
"0363-SVHYR","No"
"8547-NSBBO","No"
"8258-GSTJK","Yes"
"6861-OKBCE","Yes"
"6591-QGOYB","No"
"9070-BCKQP","No"
"6421-SZVEM","No"
"1328-EUZHC","No"
"2995-UPRYS","Yes"
"7811-JIVPF","No"
"6686-YPGHK","Yes"
"5371-VYLSX","No"
"6374-AFWOX","No"
"4759-TRPLW","Yes"
"5317-FLPJF","No"
"7621-VPNET","No"
"6034-YMTOB","No"
"8563-IIOXK","Yes"
"4903-CNOZC","No"
"4353-HYOJD","No"
"8020-BWHYL","Yes"
"7267-FRMJW","No"
"4188-FRABG","No"
"4625-EWPTF","Yes"
"8010-EZLOU","Yes"
"3295-YVUSR","No"
"8016-NCFVO","No"
"4119-ZYPZY","No"
"5549-ZGHFB","No"
"7577-SWIFR","No"
"0303-WMMRN","No"
"6408-OTUBZ","No"
"3797-FKOGQ","No"
"6196-HBOBZ","No"
"3970-XGJDU","No"
"8807-OPMBM","No"
"9874-QLCLH","Yes"
"8294-UIMBA","No"
"8109-YUOHE","No"
"5840-NVDCG","No"
"8092-NLTGF","No"
"5928-QLDHB","No"
"0696-UKTOX","No"
"4801-KFYKL","No"
"6000-APYLU","Yes"
"7105-BENQF","No"
"7721-DVEKZ","No"
"3566-VVORZ","No"
"9507-HSMMZ","No"
"2480-SQIOB","No"
"0947-IDHRQ","Yes"
"7813-TKCVO","No"
"4350-ZTLPI","No"
"3823-KYNQY","No"
"3021-VLNRJ","No"
"3776-EKTKM","Yes"
"1028-FFNJK","No"
"6907-FLBER","No"
"5982-PSMKW","No"
"7096-ZNBZI","No"
"1902-XBTFB","Yes"
"1676-MQAOA","No"
"7566-DSRLQ","No"
"0643-OKLRP","Yes"
"7245-JMTTQ","No"
"6050-IJRHS","No"
"8591-TKMZH","No"
"0734-OXWBT","No"
"0365-TRTPY","No"
"2794-XIMMO","Yes"
"3511-BFTJW","No"
"7668-XCFYV","No"
"2983-ZANRP","Yes"
"7845-URHJN","Yes"
"3034-ZBEQN","Yes"
"5018-HEKFO","No"
"3976-NLDEZ","No"
"2282-YGNOR","No"
"6854-EXGSF","No"
"9233-PSYHO","No"
"5376-PCKNB","No"
"8044-BGWPI","No"
"3589-PPVKW","No"
"8327-LZKAS","Yes"
"1075-BGWOH","Yes"
"1755-RMCXH","No"
"0302-JOIVN","Yes"
"3858-XHYJO","No"
"4299-SIMNS","No"
"7025-IWFHT","No"
"7841-FCRQD","No"
"2056-EVGZL","No"
"8777-MBMTS","No"
"7753-USQYQ","No"
"7661-CPURM","No"
"6233-HXJMX","No"
"5902-WBLSE","No"
"4971-PUYQO","Yes"
"3239-TPHPZ","No"
"5115-GZDEL","No"
"3338-CVVEH","No"
"8485-GJCDN","Yes"
"2615-YVMYX","No"
"4393-GEADV","No"
"8486-AYEQH","No"
"1527-SXDPN","Yes"
"6029-WTIPC","Yes"
"8634-CILSZ","Yes"
"1409-PHXTF","No"
"9591-YVTEB","No"
"9309-BZGNT","No"
"4274-DRSQT","No"
"2027-DNKIV","No"
"8075-GXIUB","No"
"6682-QJDGB","Yes"
"6507-DTJZV","No"
"8780-IXSTS","Yes"
"0345-HKJVM","Yes"
"0394-YONDK","No"
"6574-MCOEH","No"
"7399-QHBJS","No"
"3049-SOLAY","Yes"
"3317-HRTNN","Yes"
"3235-ETOOB","Yes"
"8058-INTPH","Yes"
"3642-GKTCT","No"
"0774-RMNUW","No"
"0756-MPZRL","No"
"2242-MFOTG","No"
"2144-BFDSO","No"
"8745-PVESG","No"
"7647-GYYKX","No"
"5647-FXOTP","No"
"8821-XNHVZ","Yes"
"2082-OJVTK","Yes"
"9839-ETQOE","No"
"6078-VESFR","No"
"9027-TMATR","No"
"5940-NFXKV","Yes"
"1941-HOSAM","No"
"9110-HSGTV","No"
"0704-VCUMB","No"
"9564-KCLHR","Yes"
"1935-IMVBB","No"
"2535-PBCGC","No"
"1470-PSXNM","No"
"1213-NGCUN","Yes"
"9866-OCCKE","No"
"5338-YHWYT","No"
"7718-UPSKJ","No"
"8731-WBBMB","No"
"7901-IIDQV","No"
"1270-XKUCC","No"
"0334-ZFJSR","No"
"2894-QOJRX","Yes"
"5747-PMBSQ","Yes"
"3143-JQEGI","Yes"
"6386-SZZKH","Yes"
"3327-YBAKM","No"
"9441-QHEVC","No"
"3370-GQEAL","No"
"5032-USPKF","No"
"3521-SYVOR","Yes"
"4254-QPEDE","No"
"9526-JAWYF","Yes"
"9495-REDIY","No"
"1172-VIYBP","No"
"5649-VUKMC","Yes"
"6559-PDZLR","No"
"8992-OBVDG","No"
"4273-MBHYA","No"
"4724-WXVWF","No"
"5701-GUXDC","No"
"1460-UZPRJ","No"
"6082-GLJIX","No"
"5143-EGQFK","Yes"
"4919-IKATY","Yes"
"2495-TTHBQ","No"
"0485-ZBSLN","No"
"9050-QLROH","Yes"
"0847-HGRML","No"
"8232-CTLKO","No"
"9227-YBAXE","No"
"9860-LISIZ","No"
"0877-SDMBN","Yes"
"4043-MKDTV","No"
"8065-YKXKD","Yes"
"9637-EIHEQ","Yes"
"8313-KTIHG","No"
"6284-KMNUF","No"
"9689-PTNPG","Yes"
"9465-RWMXL","Yes"
"6229-UOLQL","No"
"2362-IBOOY","Yes"
"3137-LUPIX","No"
"0843-WTBXE","Yes"
"5515-IDEJJ","Yes"
"9701-CDXHR","No"
"7450-NWRTR","Yes"
"5376-DEQCP","Yes"
"9095-HFAFX","Yes"
"2379-ENZGV","Yes"
"3936-QQFLL","No"
"2589-AYCRP","No"
"0292-WEGCH","No"
"4097-YODCF","No"
"9715-WZCLW","No"
"9786-YWNHU","No"
"6407-GSJNL","No"
"6005-OBZPH","Yes"
"4049-ZPALD","No"
"7932-WPTDS","Yes"
"3733-UOCWF","No"
"2722-VOJQL","Yes"
"1310-QRITU","No"
"8961-QDZZJ","No"
"9715-SBVSU","No"
"7173-TETGO","No"
"6435-VWCCY","No"
"4998-IKFSE","No"
"7394-FKDNK","Yes"
"9488-FVZCC","No"
"6331-LWDTQ","Yes"
"1597-FZREH","Yes"
"7879-CGSFV","No"
"9921-EZKBY","No"
"7246-ZGQDF","No"
"7000-WCEVQ","Yes"
"0727-IWKVK","Yes"
"5959-BELXA","Yes"
"3512-IZIKN","Yes"
"7109-MFBYV","No"
"1833-TCXKK","No"
"8660-BUETV","No"
"0580-PIQHM","No"
"5696-CEIQJ","No"
"7503-ZGUZJ","Yes"
"1696-HXOWK","No"
"3026-ATZYV","No"
"4012-YCFAI","No"
"2506-TNFCO","Yes"
"9496-IVVRP","No"
"2657-VPXTA","No"
"1221-GHZEP","No"
"9289-LBQVU","No"
"6142-VSJQO","Yes"
"3458-IDMFK","No"
"9770-KXGQU","No"
"6437-UKHMV","Yes"
"6538-POCHL","No"
"6726-NNFWD","No"
"3002-WQZWT","No"
"2725-TTRIQ","No"
"3374-TTZTK","No"
"8990-ZXLSU","No"
"2275-RBYQS","No"
"8473-VUVJN","Yes"
"5536-SLHPM","Yes"
"4419-UJMUS","No"
"7794-JASDG","No"
"5519-TEEUH","No"
"7856-GANIL","No"
"0804-XBFBV","No"
"2676-OXPPQ","No"
"2799-TSLAG","No"
"2696-NARTR","Yes"
"2208-NKVVH","No"
"1976-CFOCS","Yes"
"4631-OACRM","Yes"
"7139-JZFVG","No"
"3755-JBMNH","Yes"
"1757-TCATG","No"
"6345-ULYRW","Yes"
"6693-FRIRW","No"
"6586-MYGKD","No"
"3173-NVMPX","No"
"0248-PGHBZ","No"
"0623-GDISB","No"
"2892-GESUL","No"
"7472-EQOAV","No"
"2043-WVTQJ","No"
"8034-RYTVV","No"
"3863-QSTYI","No"
"2619-WFQWU","Yes"
"1716-LSAMB","No"
"1333-PBMXB","No"
"6546-OPBBH","No"
"5985-BEHZK","No"
"9127-QRZMH","No"
"5919-VCZYM","No"
"9644-KVCNC","No"
"2137-DQMEV","No"
"8174-LNWMW","No"
"8029-XYPWT","No"
"4632-PAOYU","No"
"2990-OGYTD","No"
"6646-JPPHA","No"
"9572-MTILT","Yes"
"7658-UYUQS","No"
"7880-XSOJX","No"
"0329-GTIAJ","Yes"
"8457-XIGKN","No"
"8838-GPHZP","No"
"8750-QWZAJ","No"
"5364-EVNIB","Yes"
"6918-UMQCG","No"
"0675-NCDYU","No"
"6339-DKLMK","No"
"1346-PJWTK","No"
"5088-QZLRL","No"
"4397-FRLTA","No"
"5087-SUURX","Yes"
"2302-OUZXB","No"
"8133-ANHHJ","No"
"5982-FPVQN","No"
"9107-UKCKY","No"
"4654-ULTTN","No"
"5546-BYZSM","No"
"4929-BSTRX","Yes"
"2225-ZRGSG","Yes"
"8859-YSTWS","No"
"6330-JKLPC","Yes"
"1998-VHJHK","No"
"1707-HABPF","No"
"1660-HSOOQ","Yes"
"0487-VVUVK","No"
"7228-OMTPN","Yes"
"5063-IUOKK","No"
"4508-OEBEY","No"
"0027-KWYKW","No"
"2308-STERM","No"
"5982-XMDEX","No"
"6284-AHOOQ","Yes"
"6051-PTVNS","No"
"2344-JMOGN","Yes"
"3799-ISUZQ","Yes"
"1794-HBQTJ","Yes"
"8049-WJCLQ","No"
"6586-PSJOX","No"
"2460-FPSYH","Yes"
"6847-KJLTS","No"
"9670-BPNXF","No"
"3913-FCUUW","No"
"3301-VKTGC","No"
"9555-SAHUZ","No"
"9932-WBWIK","No"
"4619-EVPHY","No"
"5286-YHCVC","No"
"9334-GWGOW","No"
"6821-BUXUX","Yes"
"9801-GDWGV","Yes"
"6542-LWGXJ","No"
"2087-QAREY","No"
"0601-WZHJF","Yes"
"4423-JWZJN","No"
"5143-WMWOG","Yes"
"6490-FGZAT","No"
"5393-RXQSZ","Yes"
"2320-TZRRH","No"
"0231-LXVAP","Yes"
"9444-JTXHZ","Yes"
"4942-VZZOM","No"
"7502-BNYGS","No"
"6147-CBCRA","No"
"6047-SUHPR","No"
"7638-QVMVY","Yes"
"1576-PFZIW","No"
"5666-MBJPT","No"
"7312-XSBAT","No"
"2371-JQHZZ","No"
"0674-GCDXG","No"
"1121-QSIVB","No"
"4396-KLSEH","No"
"3244-DCJWY","Yes"
"2824-MYYBN","No"
"0875-CABNR","Yes"
"6345-HOVES","No"
"8318-LCNBW","No"
"6469-QJKZW","No"
"6260-XLACS","No"
"3566-CAAYU","No"
"9103-CXVOK","No"
"2896-TBNBE","No"
"5229-PRWKT","Yes"
"6982-UQZLY","Yes"
"2522-WLNSF","No"
"5057-LCOUI","Yes"
"0193-ESZXP","Yes"
"4475-NVTLU","No"
"4369-HTUIF","Yes"
"0336-KXKFK","No"
"5619-XZZKR","No"
"3948-FVVRP","No"
"5327-XOKKY","No"
"0983-TATYJ","No"
"1813-JYWTO","No"
"0156-FVPTA","Yes"
"6719-OXYBR","No"
"3312-ZWLGF","No"
"6476-YHMGA","No"
"5287-QWLKY","Yes"
"5196-SGOAK","Yes"
"7072-MBHEV","No"
"6297-NOOPG","No"
"8204-TIFGJ","No"
"0363-QJVFX","Yes"
"8903-XEBGX","No"
"9840-DVNDC","Yes"
"1089-XZWHH","No"
"2325-WINES","No"
"7824-PANSQ","No"
"8042-JVNFH","Yes"
"9648-BCHKM","No"
"4072-IPYLT","No"
"7167-PCEYD","No"
"4936-YPJNK","No"
"9251-AWQGT","No"
"7989-VCQOH","No"
"5049-GLYVG","Yes"
"8882-TLVRW","No"
"5883-GTGVD","Yes"
"5135-GRQJV","No"
"2384-OVPSA","No"
"1371-WEPDS","No"
"4817-QRJSX","Yes"
"9730-DRTMJ","No"
"4686-UXDML","No"
"2398-YPMUR","Yes"
"0932-YIXYU","No"
"7636-XUHWW","No"
"1431-CYWMH","No"
"5937-EORGB","No"
"6349-JDHQP","No"
"5539-HIVAK","No"
"9985-MWVIX","Yes"
"4583-PARNH","No"
"1421-HCERK","No"
"9633-XQABV","No"
"0716-BQNDX","No"
"1183-CANVH","No"
"1972-XMUWV","No"
"3407-JMJQQ","No"
"0289-IVARM","No"
"6087-YPWHO","No"
"2237-ZFSMY","Yes"
"1722-LDZJS","No"
"4871-JTKJF","Yes"
"1415-YFWLT","Yes"
"7401-RUBNK","No"
"0506-YLVKJ","No"
"8661-BOYNW","No"
"6711-VTNRE","Yes"
"4815-GBTCD","No"
"2805-AUFQN","No"
"7233-DRTRF","No"
"3500-RMZLT","Yes"
"3873-NFTGI","No"
"1162-ECVII","No"
"7048-GXDAY","No"
"8571-ZCMCX","No"
"1169-WCVAK","No"
"8066-POXGX","Yes"
"7129-CAKJW","No"
"8695-ARGXZ","No"
"3570-YUEKJ","No"
"4143-OOBWZ","Yes"
"1555-HAPSU","No"
"7854-EKTJL","Yes"
"8464-EETCQ","No"
"2419-FSORS","No"
"8132-YPVBX","No"
"9102-IAYHT","Yes"
"6754-LZUKA","No"
"3422-LYEPQ","Yes"
"0787-LHDYT","No"
"4361-JEIVL","Yes"
"3396-DKDEL","No"
"1752-OZXFY","No"
"9112-WSNPU","No"
"9867-NNXLC","No"
"9507-EXLTT","Yes"
"3161-GETRM","No"
"0402-OAMEN","No"
"6933-VLYFX","No"
"6754-WKSHP","No"
"9846-GKXAS","Yes"
"6017-PPLPX","Yes"
"4976-LNFVV","No"
"5055-MGMGF","No"
"4641-FROLU","No"
"2969-QWUBZ","No"
"2077-MPJQO","No"
"1480-IVEVR","No"
"4581-SSPWD","Yes"
"9391-YZEJW","No"
"9958-MEKUC","No"
"0281-CNTZX","No"
"6927-WTFIV","Yes"
"4118-CEVPF","No"
"9114-VEPUF","No"
"9873-MNDKV","No"
"0378-NHQXU","Yes"
"8241-JUIQO","No"
"2194-IIQOF","No"
"4512-ZUIYL","Yes"
"7969-AULMZ","Yes"
"5093-FEGLU","No"
"7526-IVLYU","No"
"2428-HYUNX","No"
"9214-EKVXR","No"
"0568-ONFPC","Yes"
"6777-TGHTM","Yes"
"8909-BOLNL","No"
"3229-USWAR","No"
"2138-VFAPZ","No"
"6131-JLWZM","No"
"4785-QRJHC","Yes"
"0269-XFESX","No"
"1709-EJDOX","No"
"4316-XCSLJ","No"
"8610-WFCJF","Yes"
"0383-CLDDA","No"
"4905-JEFDW","Yes"
"2709-UQGNP","No"
"3549-ZTMNH","No"
"7881-INRLC","Yes"
"8033-ATFAS","No"
"0562-HKHML","No"
"8277-RVRSV","No"
"9943-VSZUV","No"
"6172-FECYY","Yes"
"7054-ENNGU","No"
"9402-CXWPL","No"
"1628-BIZYP","No"
"1965-AKTSX","Yes"
"5343-SGUBI","No"
"1976-AZZPJ","No"
"6156-UZDLF","No"
"3099-OONVS","No"
"9500-WBGRP","No"
"5183-KLYEM","No"
"5144-PQCDZ","No"
"6625-IUTTT","No"
"9355-NPPFS","No"
"0068-FIGTF","No"
"8035-PWSEV","No"
"2236-HILPA","No"
"1840-BIUOG","No"
"1356-MKYSK","No"
"6080-LNESI","No"
"1830-IPXVJ","No"
"5828-DWPIL","No"
"8398-TBIYD","No"
"0011-IGKFF","Yes"
"4192-GORJT","Yes"
"6496-SLWHQ","Yes"
"9912-GVSEQ","Yes"
"2931-FSOHN","No"
"9418-RUKPH","No"
"5383-MMTWC","Yes"
"9971-ZWPBF","No"
"9711-FJTBX","No"
"2908-ZTPNF","No"
"7240-ETPTR","Yes"
"2202-CUYXZ","Yes"
"5995-OIGLP","Yes"
"7951-QKZPL","Yes"
"1414-YADCW","No"
"6859-RKMZJ","No"
"2729-VNVAP","No"
"2049-BAFNW","No"
"3842-QTGDL","No"
"9782-LGXMC","No"
"5975-BAICR","No"
"4673-KKSLS","No"
"4853-OITSN","No"
"9800-OUIGR","No"
"1324-NLTJE","Yes"
"7094-MSZAO","No"
"6907-CQGPN","No"
"0780-XNZFN","No"
"0239-OXEXL","No"
"2675-IJRGJ","No"
"7049-GKVZY","No"
"8577-QSOCG","No"
"3721-CNZHX","No"
"0212-ISBBF","No"
"9185-TQCVP","Yes"
"3585-YNADK","No"
"5271-DBYSJ","No"
"1099-GODLO","No"
"5567-WSELE","Yes"
"1472-TNCWL","No"
"0687-ZVTHB","Yes"
"2080-GKCWQ","No"
"9661-ACXBS","Yes"
"2193-SFWQW","No"
"5656-JAMLX","No"
"3462-BJQQA","No"
"0442-TDYUO","No"
"6733-LRIZX","No"
"9503-XJUME","No"
"3779-OSWCF","No"
"6736-DHUQI","No"
"3915-ODIYG","No"
"4451-RWASJ","No"
"6646-VRFOL","Yes"
"3460-TJBWI","No"
"5685-IIXLY","Yes"
"5671-UUNXD","No"
"4250-ZBWLV","Yes"
"8859-DZTGQ","No"
"0020-JDNXP","No"
"3752-CQSJI","No"
"5025-GOOKI","No"
"5095-AESKG","Yes"
"4770-QAZXN","No"
"4896-CPRPF","No"
"1871-MOWRM","Yes"
"2027-OAQQC","Yes"
"0282-NVSJS","No"
"9090-SGQXL","Yes"
"7353-YOWFP","No"
"9835-ZIITK","Yes"
"8008-ESFLK","No"
"7537-CBQUZ","No"
"1555-DJEQW","Yes"
"5649-TJHOV","Yes"
"0519-XUZJU","Yes"
"6338-AVWCY","Yes"
"1689-YQBYY","No"
"2959-FENLU","No"
"0708-LGSMF","No"
"7634-HLQJR","No"
"4079-ULGFR","No"
"2516-XSJKX","No"
"0057-QBUQH","No"
"6599-SFQVE","No"
"4003-FUSHP","No"
"0356-ERHVT","No"
"7325-ENZFI","No"
"4884-ZTHVF","No"
"0613-WUXUM","No"
"4458-KVRBJ","No"
"5349-IECLD","Yes"
"3945-GFWQL","Yes"
"8097-OMULG","No"
"0401-WDBXM","No"
"3387-PLKUI","No"
"5081-NWSUP","No"
"8085-MSNLK","No"
"9691-HKOVS","No"
"9881-VCZEP","No"
"9526-BIHHD","Yes"
"8757-TFHHJ","No"
"1468-DEFNC","No"
"9625-QNLUX","No"
"3097-NQYSN","Yes"
"4024-CSNBY","No"
"7110-BDTWG","No"
"7493-GVFIO","No"
"0690-SRQID","No"
"9605-WGJVW","No"
"9114-DPSIA","No"
"4700-UBQMV","No"
"7711-GQBZC","No"
"3565-UNOCC","Yes"
"9795-NREXC","No"
"9249-FXSCK","Yes"
"5493-SDRDQ","Yes"
"6286-SUUWT","No"
"4819-HJPIW","No"
"8654-DHAOW","No"
"5438-QMDDL","No"
"9812-GHVRI","No"
"5553-AOINX","No"
"1228-ZLNBX","No"
"4226-KKDON","No"
"7445-WMRBW","No"
"3308-DGHKL","No"
"0080-EMYVY","No"
"6218-KNUBD","No"
"7337-CINUD","No"
"0623-EJQEG","No"
"0871-URUWO","Yes"
"9190-MFJLN","Yes"
"3317-VLGQT","No"
"5614-DNZCE","No"
"1095-JUDTC","Yes"
"9638-JIQYA","No"
"3726-TBHQT","No"
"3190-ITQXP","No"
"0870-VEMYL","Yes"
"3039-MJSLN","No"
"5385-SUIRI","Yes"
"3982-XWFZQ","Yes"
"5774-QPLTF","No"
"5010-IPEAQ","No"
"4009-ALQFH","Yes"
"6383-ZTSIW","No"
"8990-YOZLV","No"
"3069-SSVSN","No"
"4903-UYAVB","Yes"
"6776-TLWOI","Yes"
"3845-FXCYS","No"
"5857-XRECV","No"
"0725-CXOTM","No"
"9000-PLFUZ","No"
"7779-ORAEL","No"
"0644-OQMDK","No"
"4077-CROMM","Yes"
"3154-CFSZG","No"
"2868-MZAGQ","Yes"
"4847-QNOKA","Yes"
"2220-IAHLS","No"
"1658-XUHBX","No"
"6379-RXJRQ","Yes"
"2378-HTWFW","No"
"8650-RHRKE","Yes"
"4377-VDHYI","No"
"0475-RIJEP","Yes"
"1260-TTRXI","Yes"
"3719-TDVQB","No"
"6328-ZPBGN","Yes"
"2925-VDZHY","No"
"3413-CSSTH","No"
"8033-VCZGH","No"
"4789-KWMXN","Yes"
"0224-NIJLP","No"
"2867-UIMSS","Yes"
"5716-LIBJC","No"
"2868-LLSKM","No"
"8111-RKSPX","Yes"
"1585-MQSSU","Yes"
"2856-NNASM","Yes"
"7328-ZJAJO","No"
"8559-CIZFV","Yes"
"1090-PYKCI","No"
"3058-WQDRE","No"
"7547-EKNFS","Yes"
"2279-AXJJK","No"
"6769-DYBQN","Yes"
"0909-SELIE","No"
"3417-TSCIC","No"
"4439-JMPMT","Yes"
"6725-TPKJO","No"
"2446-BEGGB","Yes"
"7162-WPHPM","No"
"8821-KVZKQ","No"
"1496-GGSUK","Yes"
"6434-TTGJP","No"
"0042-JVWOJ","No"
"0130-SXOUN","No"
"2575-GFSOE","Yes"
"2330-PQGDQ","No"
"1452-UZOSF","No"
"2097-YVPKN","No"
"8597-CTXVJ","No"
"9962-BFPDU","No"
"3296-SILRA","Yes"
"5180-UCIIQ","Yes"
"7153-OANIO","Yes"
"5188-HGMLP","No"
"0665-XHDJU","No"
"8265-HKSOW","No"
"3544-FBCAS","No"
"5331-RGMTT","No"
"7054-DMVAS","No"
"3428-MMGUB","No"
"6549-BTYPG","No"
"7823-JSOAG","No"
"3705-RHRFR","No"
"9374-YOLBJ","No"
"9074-KGVOX","No"
"6128-DAFVY","No"
"9933-QRGTX","No"
"4476-OSWTN","No"
"2661-GKBTK","No"
"7268-WNTCP","No"
"0824-VWDPO","No"
"8409-WQJUX","No"
"2578-JQPHZ","No"
"3278-FSIXX","No"
"9746-UGFAC","No"
"0625-AFOHS","No"
"6726-WEXXK","No"
"4636-OLWOE","No"
"4685-ERGHK","No"
"5003-OKNNK","No"
"4195-SMMNX","Yes"
"7208-PSIHR","No"
"0489-WMEMG","No"
"7435-ZNUYY","No"
"6956-SMUCM","Yes"
"2812-ENYMO","No"
"2717-HVIZY","No"
"3223-WZWJM","Yes"
"3422-GALYP","No"
"9053-JZFKV","Yes"
"2890-WFBHU","No"
"0327-WFZSY","No"
"7977-HXJKU","No"
"7033-CLAMM","No"
"4023-RTIQM","No"
"0864-FVJNJ","No"
"3967-VQOGC","No"
"7872-RDDLZ","No"
"9250-WYPLL","Yes"
"6308-CQRBU","No"
"2754-XBHTB","Yes"
"1597-LHYNC","Yes"
"3043-SUDUA","No"
"5442-BHQNG","No"
"2169-RRLFW","No"
"7055-VKGDA","Yes"
"0754-UKWQP","Yes"
"8873-GLDMH","No"
"5696-JVVQY","No"
"8946-BFWSG","No"
"7493-TPUWZ","Yes"
"8904-OPDCK","No"
"8845-LWKGE","No"
"8752-STIVR","Yes"
"0691-NIKRI","No"
"5022-JNQEQ","No"
"4558-FANTW","Yes"
"3736-BLEPA","No"
"4701-LKOZD","No"
"6603-QWSPR","No"
"9921-QFQUL","No"
"4378-MYPGO","No"
"8651-ENBZX","Yes"
"7798-JVXYM","No"
"7623-TRNQN","Yes"
"3323-CPBWR","No"
"9330-IJWIO","Yes"
"3384-CTMSF","No"
"6048-QBXKL","No"
"7718-RXDGG","No"
"1025-FALIX","No"
"1842-EZJMK","Yes"
"2347-WKKAE","No"
"8735-DCXNF","No"
"3214-IYUUQ","No"
"1936-UAFEH","No"
"3587-PMCOY","No"
"7148-XZPHA","No"
"6856-RAURS","No"
"9717-IOAAF","No"
"8884-ADFVN","Yes"
"0848-SOMKO","No"
"2720-WGKHP","Yes"
"6734-FQAJX","No"
"2869-ADAWR","Yes"
"1535-VTJOQ","No"
"6368-TZZDT","No"
"1293-BSEUN","No"
"9894-EZEWG","Yes"
"1302-TPUBN","No"
"0637-UBJRP","Yes"
"0940-OUQEC","Yes"
"2378-VTKDH","No"
"0927-CNGRH","No"
"8608-OZTLB","No"
"2335-GSODA","No"
"1952-DVVSW","No"
"6656-GULJQ","No"
"9853-JFZDU","No"
"3777-XROBG","No"
"6994-FGRHH","No"
"4000-VGMQP","No"
"3999-WRNGR","No"
"3466-RITXD","No"
"3058-HJCUY","Yes"
"7994-XIRTR","No"
"3259-FDWOY","Yes"
"2101-RANCD","No"
"7921-BEPCI","No"
"0807-ZABDG","Yes"
"8510-TMWYB","No"
"1428-IEDPR","No"
"5298-GSTLM","No"
"4450-YOOHP","No"
"6728-CZFEI","No"
"5748-RNCJT","Yes"
"5119-NZPTV","No"
"7739-LAXOG","Yes"
"3472-QPRCH","No"
"8224-UAXBZ","No"
"9610-WCESF","No"
"9776-CLUJA","Yes"
"2486-WYVVE","No"
"1422-DGUBX","No"
"8668-KNZTI","No"
"0480-KYJVA","No"
"9746-YKGXB","No"
"6000-UKLWI","No"
"2079-FBMZK","Yes"
"2096-XOTMO","No"
"8221-EQDGL","No"
"2346-LOCWC","No"
"6608-QQLVK","Yes"
"0298-XACET","No"
"3551-HUAZH","Yes"
"2809-ZMYOQ","No"
"5084-OOVCJ","No"
"0254-WWRKD","No"
"7727-SHVZV","No"
"5339-PXDVH","No"
"2205-LPVGL","No"
"7601-WFVZV","No"
"4609-KNNWG","No"
"4868-AADLV","No"
"2669-QVCRG","No"
"2478-EEWWM","No"
"2233-TXSIU","No"
"9644-UMGQA","No"
"8761-NSOBC","Yes"
"8413-VONUO","Yes"
"0872-CASZJ","No"
"4726-DLWQN","No"
"8164-OCKUJ","No"
"3094-JOJAI","No"
"9494-MRNYX","No"
"2599-CZABP","No"
"7945-PRBVF","No"
"4544-RXFMG","No"
"0859-YGKFW","No"
"1150-FTQGN","No"
"9223-UCPVT","Yes"
"7196-LIWRH","No"
"5448-VWNAM","No"
"1177-XZBJL","No"
"3518-FSTWG","No"
"4351-QLCSU","Yes"
"0939-EREMR","No"
"9389-ACWBI","No"
"3644-QXEHN","No"
"2911-IJORQ","No"
"5921-NGYRH","No"
"5998-DZLYR","No"
"0488-GSLFR","Yes"
"9318-NKNFC","Yes"
"3985-HOYPM","No"
"9728-FTTVZ","Yes"
"9548-LERKT","No"
"6576-FBXOJ","No"
"4310-KEDTB","No"
"7254-IQWOZ","Yes"
"4062-HBMOS","No"
"0742-NXBGR","Yes"
"2676-ISHSF","No"
"9236-NDUCW","No"
"4753-PADAS","No"
"6103-QCKFX","No"
"7781-EWARA","No"
"6110-OHIHY","Yes"
"7018-FPXHH","No"
"5889-LFOLL","Yes"
"5708-EVONK","Yes"
"8708-XPXHZ","Yes"
"0616-ATFGB","Yes"
"0572-ZJKLT","No"
"1353-LJWEM","No"
"1794-SWWKL","No"
"6166-YIPFO","No"
"1963-SVUCV","Yes"
"4184-VODJZ","No"
"0220-EBGCE","Yes"
"1092-WPIVQ","No"
"7233-IOQNP","No"
"2834-JKOOW","No"
"4957-SREEC","No"
"7235-NXZCP","Yes"
"0230-UBYPQ","No"
"4923-ADWXJ","No"
"1104-TNLZA","No"
"0520-FDVVT","Yes"
"3439-GVUSX","No"
"5949-HGVJL","No"
"5203-XEHAX","No"
"1635-HDGFT","No"
"3315-TOTBP","Yes"
"8050-XGRVL","No"
"6661-HBGWL","Yes"
"1518-VOWAV","Yes"
"3908-MKIMJ","No"
"5012-YSPJJ","No"
"5909-ECHUI","Yes"
"1309-BXVOQ","Yes"
"9317-WZPGV","Yes"
"4891-NLUBA","No"
"8969-PRHFK","No"
"0661-KQHNK","No"
"8709-KRDVL","No"
"4488-PSYCG","Yes"
"1427-VERSM","No"
"9801-NOSHQ","No"
"6339-YPSAH","No"
"1548-FEHVL","No"
"3795-CAWEX","No"
"5647-URDKA","No"
"9626-WEQRM","No"
"2188-SXWVT","No"
"1094-BKOSX","No"
"6969-MVBAI","No"
"2978-XXSOG","No"
"2342-CKIAO","No"
"6953-PBDIN","No"
"3898-BSJYF","No"
"2453-SAFNS","No"
"9558-IHEZX","No"
"6340-DACFT","No"
"6813-GZQCG","No"
"7426-GSWPO","No"
"3118-UHVVQ","No"
"5832-XKAES","Yes"
"3205-MXZRA","No"
"4701-AHWMW","Yes"
"8317-BVKSO","No"
"5702-KVQRD","No"
"0083-PIVIK","No"
"6169-PGNCD","No"
"0023-XUOPT","Yes"
"4592-IWTJI","Yes"
"4657-FWVFY","No"
"2257-BOVXD","No"
"7729-JTEEC","No"
"6518-LGAOV","Yes"
"7242-QZLXF","Yes"
"4576-CSAJH","Yes"
"1000-AJSLD","Yes"
"9696-RMYBA","No"
"8690-UPCZI","No"
"1062-LHZOD","Yes"
"4086-WITJG","No"
"9600-NAXZN","Yes"
"8822-KNBHV","No"
"8404-FYDIB","No"
"6457-USBER","Yes"
"6762-NSODU","No"
"4662-EKDPQ","Yes"
"9248-OJYKK","Yes"
"9888-ZCUMM","No"
"3398-FSHON","Yes"
"6437-UDQJM","No"
"2108-GLPQB","No"
"4415-IJZTP","Yes"
"3468-DRVQJ","No"
"1122-YJBCS","No"
"4990-ALDGW","No"
"4816-OKWNX","No"
"3315-IKYZQ","No"
"2810-FTLEM","Yes"
"4747-LCAQL","No"
"0898-XCGTF","No"
"8006-PYCSW","No"
"2164-SOQXL","No"
"4020-KIUDI","No"
"2038-YSEZE","No"
"0827-ITJPH","No"
"4779-ZGICK","No"
"0818-OCPZO","Yes"
"3967-KXAPS","No"
"1447-GIQMR","Yes"
"3704-IEAXF","No"
"0674-EYYZV","No"
"1395-OFUWC","No"
"0822-QGCXA","No"
"0872-NXJYS","Yes"
"3588-WSTTJ","No"
"6258-NGCNG","No"
"4186-ZBUEW","No"
"5274-XHAKY","No"
"3978-YNKDD","No"
"4940-KHCWD","No"
"1389-CXMLU","Yes"
"9589-ABEPT","No"
"9388-ZEYVT","No"
"0305-SQECB","No"
"7605-SNLQG","No"
"5561-NWEVX","Yes"
"8561-NMTBD","No"
"8292-FRFZQ","No"
"8591-NXRCV","No"
"4526-RMTLL","No"
"6253-GNHWH","No"
"4566-NECEV","No"
"8080-POTJR","No"
"6906-MPARY","No"
"3662-FXJFO","No"
"8107-RZLNV","No"
"2027-CWDNU","No"
"9912-OMZDS","No"
"3733-ZEECP","No"
"2452-MRMZF","No"
"2272-QAGFO","Yes"
"4342-HFXWS","No"
"3545-CNWRG","No"
"1785-BPHTP","No"
"4989-LIXVT","No"
"1173-XZPYF","No"
"3768-NLUBH","Yes"
"8676-TRMJS","Yes"
"9530-GRMJG","No"
"6898-RBTLU","No"
"5481-NTDOH","No"
"0749-IRGQE","No"
"2380-DAMQP","No"
"1272-ILHFG","No"
"0164-XAIRP","No"
"5666-CYCYZ","No"
"4011-ARPHK","No"
"6365-HITVU","No"
"9488-FYQAU","No"
"3590-TCXTB","No"
"7957-RYHQD","Yes"
"2180-DXNEG","Yes"
"6500-JVEGC","No"
"5515-AKOAJ","Yes"
"5245-VDBUR","No"
"6230-BSUXY","Yes"
"2144-ESWKO","No"
"1241-FPMOF","No"
"9928-BZVLZ","No"
"4114-QMKVN","No"
"9003-CPATH","No"
"1754-GKYPY","No"
"5294-CDGWY","Yes"
"7956-XQWGU","No"
"1591-MQJTP","No"
"2369-FEVNO","No"
"9863-JZAIC","Yes"
"7471-MQPOS","No"
"5115-SQAAU","No"
"9845-QOMAD","No"
"7672-VFMXZ","No"
"9739-JLPQJ","No"
"9916-AYHTC","No"
"3855-ONCAR","No"
"0970-QXPXW","No"
"6120-RJKLU","No"
"9572-WUKSB","No"
"5893-KCLGT","No"
"0076-LVEPS","No"
"1596-OQSPS","No"
"9867-XOBQA","No"
"3090-HAWSU","Yes"
"9820-RMCQV","Yes"
"3174-RKMOW","No"
"1760-CAZHT","No"
"7839-QRKXN","Yes"
"8441-SHIPE","No"
"5204-QZXPU","Yes"
"1320-GVNHT","No"
"1047-RNXZV","No"
"3541-ZNUHK","No"
"8450-JOVAH","Yes"
"8725-JEDFD","No"
"8071-SBTRN","No"
"1113-IUJYX","Yes"
"6668-CNMFP","No"
"5626-MGTUK","No"
"5681-LLOEI","No"
"4323-OHFOW","No"
"2030-BTZRO","No"
"1116-DXXDF","No"
"9274-CNFMO","Yes"
"7758-XKCBS","Yes"
"0617-AQNWT","Yes"
"0270-THENM","No"
"2446-PLQVO","Yes"
"4707-MAXGU","No"
"2710-WYVXG","No"
"3005-NFMTA","Yes"
"6300-BWMJX","No"
"5389-FFVKB","Yes"
"7009-LGECI","No"
"5022-KVDQT","No"
"7976-CICYS","No"
"1036-GUDCL","No"
"7815-PDTHL","No"
"9173-IVZVP","No"
"3635-JBPSG","No"
"7964-ZRKKG","No"
"5868-YWPDW","Yes"
"6229-LSCKB","No"
"4078-SAYYN","Yes"
"5916-QEWPT","No"
"0531-XBKMM","No"
"8465-SBRXP","No"
"2408-PSJVE","No"
"9079-YEXQJ","Yes"
"9700-ZCLOT","No"
"8738-JOKAR","No"
"4534-WGCIR","No"
"1930-WNXSB","No"
"2685-SREOM","Yes"
"3508-CFVZL","No"
"6692-UDPJC","Yes"
"0657-DOGUM","No"
"1195-OIYEJ","Yes"
"3452-SRFEG","No"
"4070-OKWVH","No"
"6369-MCAKO","No"
"6341-AEVKX","No"
"4501-EQDRN","Yes"
"0682-USIXD","No"
"6976-BWGLQ","No"
"7384-GHBPI","Yes"
"7603-USHJS","Yes"
"7952-OBOYL","No"
"7470-DYNOE","No"
"7853-OETYL","No"
"1545-ACTAS","No"
"5876-HZVZM","Yes"
"1400-MMYXY","Yes"
"5126-RCXYW","No"
"3085-QUOZK","Yes"
"2363-BJLSL","No"
"1956-YIFGE","No"
"3926-CUQZX","Yes"
"2925-MXLSX","No"
"5820-PTRYM","No"
"6211-WHMYA","No"
"9945-PSVIP","No"
"9108-EJFJP","No"
"0530-IJVDB","No"
"2215-ZAFGX","No"
"8213-TAZPM","No"
"7142-HVGBG","Yes"
"1304-SEGFY","No"
"7242-EDTYC","No"
"8267-ZNYVZ","Yes"
"5136-GFPMB","No"
"2595-KIWPV","No"
"5243-SAOTC","No"
"9398-MMQTO","No"
"7619-PLRLP","No"
"6508-NJYRO","No"
"5306-BVTKJ","No"
"5570-PTWEH","Yes"
"2371-KFUOG","No"
"0463-ZSDNT","No"
"6502-MJQAE","Yes"
"6257-DTAYD","No"
"4616-ULAOA","No"
"7693-LCKZL","Yes"
"5996-EBTKM","No"
"2314-TNDJQ","No"
"2405-LBMUW","No"
"3454-JFUBC","No"
"0032-PGELS","Yes"
"9039-ZVJDC","No"
"6797-LNAQX","Yes"
"9013-AQORL","No"
"2750-BJLSB","No"
"3648-GZPHF","No"
"2075-RMJIK","No"
"9588-YRFHY","No"
"1564-NTYXF","Yes"
"5392-AKEMH","No"
"3914-FDRHP","No"
"4690-PKDQG","No"
"8155-IBNHG","Yes"
"9547-ITEFG","No"
"7789-CRUVC","No"
"6598-KELSS","No"
"8685-WHQPW","Yes"
"4745-LSPLO","Yes"
"8083-YTZES","Yes"
"7240-FQLHE","Yes"
"6664-FPDAC","Yes"
"0422-UXFAP","No"
"5130-YPIRV","No"
"2843-CQMEG","No"
"6439-PKTRR","No"
"5351-QESIO","No"
"0786-VSSUD","Yes"
"5568-DMXZS","No"
"8468-FZTOE","No"
"6633-SYEUS","No"
"6447-GORXK","No"
"3976-BWUCK","Yes"
"5981-ZVXOT","No"
"1389-WNUIB","No"
"0376-OIWME","No"
"0804-YGEQV","No"
"7164-BPTUT","No"
"4174-LPGTI","Yes"
"2523-EWWZL","No"
"2108-XWMPY","Yes"
"6304-IJFSQ","Yes"
"9586-JGQKH","No"
"4501-VCPFK","No"
"6075-SLNIL","No"
"0093-XWZFY","Yes"
"2274-XUATA","No"
"1980-KXVPM","Yes"
"7703-ZEKEF","Yes"
"0723-DRCLG","Yes"
"5482-NUPNA","Yes"
"1685-BQULA","No"
"9053-EJUNL","No"
"0666-UXTJO","No"
"1471-GIQKQ","No"
"4807-IZYOZ","No"
"1122-JWTJW","Yes"
"9710-NJERN","No"
"9837-FWLCH","No"
"1699-HPSBG","Yes"
"7203-OYKCT","No"
"7398-LXGYX","No"
"2823-LKABH","No"
"8775-CEBBJ","Yes"
"0550-DCXLH","No"
"0639-TSIQW","Yes"
"7750-EYXWZ","No"
"2569-WGERO","No"
"2234-XADUH","No"
"4801-JZAZL","No"
"8361-LTMKD","Yes"
